Date,Home Team,Home Score,Away Team,Away Score
2012-11-19,Clearwater,82,Arcadia Valley,65
2012-11-19,West County,79,Bismarck,64
2012-11-19,Marshall,66,Boonville,51
2012-11-19,Ellington,48,Central (Park Hills),100
2012-11-19,Linn,30,Eldon,41
2012-11-19,Clayton,81,Fox,51
2012-11-19,Calhoun,47,Hermitage,53
2012-11-19,Van Buren,72,Koshkonong,27
2012-11-19,Orrick,20,Lathrop,61
2012-11-19,Raytown,37,Lee's Summit North,53
2012-11-19,Stanberry,79,Lesterville,28
2012-11-19,Bevier,72,Madison,49
2012-11-19,Dadeville,70,Niangua,61
2012-11-19,Union Star,57,North Nodaway,46
2012-11-19,Pembroke Hill,45,O'Hara,64
2012-11-19,Lexington,34,Plattsburg,57
2012-11-19,West Platte,54,St. Mary's (Independence),44
2012-11-19,St. James,96,Westran,44
2012-11-19,Glendale,62,Waynesville,73
2012-11-20,Lakeland,68,Appleton City,34
2012-11-20,Ellington,32,Arcadia Valley,71
2012-11-20,Canton,77,Atlanta,58
2012-11-20,West County,77,Bismarck,64
2012-11-20,Palmyra,67,Bowling Green,57
2012-11-20,Tuscumbia,64,Bunceton,57
2012-11-20,Summersville,74,Campbell,59
2012-11-20,Meadow Heights,31,Chaffee,80
2012-11-20,Senath-Hornersville,41,Clark County,60
2012-11-20,Grandview (Hillsboro),49,Confluence Prep Academy Charter,60
2012-11-20,Ash Grove,57,Crane,74
2012-11-20,Warsaw,36,Dixon,91
2012-11-20,Wright City,44,Dora,57
2012-11-20,Trenton,65,East Buchanan,53
2012-11-20,South Nodaway,65,El Dorado Springs,23
2012-11-20,Crocker,34,Eugene,69
2012-11-20,Mt. Vernon,65,Fair Grove,57
2012-11-20,New Franklin,48,Fayette,62
2012-11-20,Tarkio,49,Festus,79
2012-11-20,Hurley,58,Fordland,73
2012-11-20,Chadwick,26,Forsyth,65
2012-11-20,Ft. Zumwalt South,68,Ft. Zumwalt West,51
2012-11-20,Brunswick,19,Glasgow,73
2012-11-20,Cleveland NJROTC,24,Hazelwood West,57
2012-11-20,Calhoun,44,Hermitage,57
2012-11-20,Rich Hill,56,Jasper,36
2012-11-20,Ballard,48,Kingsville,26
2012-11-20,Orrick,21,Lawson,66
2012-11-20,Lathrop,77,Lexington,71
2012-11-20,McAuley Catholic,54,Liberal,56
2012-11-20,Grundy County,41,Linn County,73
2012-11-20,Adrian,51,Lone Jack,35
2012-11-20,Union,60,Lutie,62
2012-11-20,Westran,56,Macks Creek,77
2012-11-20,Harrisburg,61,Macon,54
2012-11-20,Salem,50,Marceline,64
2012-11-20,Novinger,27,Meadville,60
2012-11-20,Hume,33,Miami (Amoret),51
2012-11-20,Hermann,47,Montgomery County,64
2012-11-20,North Pemiscot,54,Neelyville,76
2012-11-20,Tri-County,47,Newtown-Harris,82
2012-11-20,Humansville,64,Niangua,66
2012-11-20,Madison,39,Northeast (Cairo),93
2012-11-20,Albany,52,Northeast Nodaway,40
2012-11-20,Plato,73,Norwood,63
2012-11-20,Staley,31,Oak Grove,66
2012-11-20,Gilman City,27,Osborn,48
2012-11-20,Buffalo,59,Pleasant Hope,43
2012-11-20,Thayer,40,Polo,57
2012-11-20,Northwest (Hughesville),41,Prairie Home,50
2012-11-20,North Harrison,55,Princeton,68
2012-11-20,Iberia,71,Sarcoxie,41
2012-11-20,Gideon,65,Senath-Hornersville,66
2012-11-20,North Nodaway,37,Stover,58
2012-11-20,Lutheran St. Charles,57,St. Dominic,36
2012-11-20,Ridgeway,70,Stewartsville,30
2012-11-20,Winfield,55,Webb City,33
2012-11-20,Marquette,39,Troy Buchanan,48
2012-11-20,Center,74,University Academy Charter,53
2012-11-20,Mark Twain,49,Van-Far,54
2012-11-20,Clever,60,Verona,36
2012-11-20,Belton,27,Winnetonka,63
2012-11-21,Lesterville,28,Bismarck,65
2012-11-21,Clearwater,73,Central (Park Hills),66
2012-11-21,Knox County,56,Kirksville,57
2012-11-21,St. Clair,23,McCluer North,60
2012-11-21,West County,42,Stanberry,63
2012-11-21,St. Charles,43,St. Charles West,57
2012-11-21,Cardinal Ritter,63,Washington,76
2012-11-22,Arcadia Valley,61,Bismarck,77
2012-11-22,West County,56,Central (Park Hills),69
2012-11-22,Stanberry,54,Clearwater,51
2012-11-22,Washington,61,McCluer North,56
2012-11-22,Carnahan,60,St. Francis Borgia,61
2012-11-23,Bunker,32,Alton,96
2012-11-23,Van Buren,78,Clarkton,71
2012-11-23,Greenville,54,Couch,48
2012-11-23,Frontier School of Excellence Charter,17,Derrick Thomas Academy,65
2012-11-23,Winona,39,Doniphan,53
2012-11-23,Liberty (Mountain View),62,East Carter,67
2012-11-23,Puxico,67,Eminence,81
2012-11-23,Zalma,39,Gideon,59
2012-11-23,Washington,56,McCluer North,51
2012-11-23,Ellington,54,Meadow Heights,52
2012-11-23,Carnahan,59,Pacific,51
2012-11-23,Cardinal Ritter,69,St. Clair,60
2012-11-24,St. Clair,32,Alton,54
2012-11-24,Waynesville,57,Alton,74
2012-11-24,Clearwater,50,Cabool,66
2012-11-24,Carnahan,52,Cardinal Ritter,54
2012-11-24,East Carter,44,Clever,69
2012-11-24,Eminence,69,Doniphan,59
2012-11-24,Puxico,67,Eminence,81
2012-11-24,Lincoln College Prep,62,Hogan Prep Academy Charter,59
2012-11-24,Clarkton,70,Koshkonong,26
2012-11-24,Liberty (Mountain View),38,Logan-Rogersville,69
2012-11-24,St. Francis Borgia,44,McCluer North,61
2012-11-24,Wright City,62,Meadow Heights,61
2012-11-24,Ellington,54,Meadow Heights,52
2012-11-24,Westran,46,Newburg,72
2012-11-24,Salem,60,Northwest (Cedar Hill),46
2012-11-24,Crocker,59,Richland,54
2012-11-24,Willard,65,Rolla,45
2012-11-24,Pacific,55,St. Clair,48
2012-11-24,Smithville,38,Van Buren,48
2012-11-25,South Pemiscot,66,Missouri Military Academy,39
2012-11-26,Kelly,56,Advance,67
2012-11-26,Webster Groves,64,Affton,51
2012-11-26,Willow Springs,29,Alton,59
2012-11-26,Osceola,65,Appleton City,40
2012-11-26,Bevier,51,Atlanta,61
2012-11-26,Conway,63,Aurora,66
2012-11-26,St. Pius X (Kansas City),77,Barstow,75
2012-11-26,Bishop DuBourg,54,Bayless,46
2012-11-26,Scott County Central,71,Bell City,45
2012-11-26,Campbell,32,Bernie,77
2012-11-26,New Heights Christian,38,Billings,85
2012-11-26,Novinger,66,Brashear,28
2012-11-26,Norborne,75,Breckenridge,21
2012-11-26,Confluence Prep Academy Charter,38,Brentwood,69
2012-11-26,Linn County,73,Brunswick,43
2012-11-26,Warrensburg,81,Buffalo,38
2012-11-26,Macks Creek,66,Bunceton,33
2012-11-26,Marshfield,64,Camdenton,63
2012-11-26,Excelsior Springs,44,Cameron,47
2012-11-26,West Plains,23,Cardinal Ritter,76
2012-11-26,Monett,37,Carl Junction,89
2012-11-26,Seneca,51,Carthage,63
2012-11-26,North Pemiscot,67,Caruthersville,103
2012-11-26,Jamestown,35,Chamois,54
2012-11-26,Lafayette (St. Joseph),75,Chillicothe,26
2012-11-26,Summersville,69,Clarkton,39
2012-11-26,Ladue Horton Watkins,64,Clayton,45
2012-11-26,McAuley Catholic,47,Clever,82
2012-11-26,Hermitage,48,Dadeville,60
2012-11-26,Whitfield,54,De Smet Jesuit,62
2012-11-26,Stover,56,DeKalb,54
2012-11-26,Exeter,21,Diamond,58
2012-11-26,Lutie,32,Dora,62
2012-11-26,Miami (Amoret),19,Drexel,81
2012-11-26,Holcomb,69,East Prairie,34
2012-11-26,Troy Buchanan,49,Elsberry,53
2012-11-26,University City,61,Eureka,69
2012-11-26,Halfway,40,Fair Play,80
2012-11-26,Hazelwood Central,85,Farmington,55
2012-11-26,New Franklin,54,Fayette,44
2012-11-26,Hickman,70,Francis Howell,27
2012-11-26,St. Pius X (Festus),74,Fredericktown,45
2012-11-26,North Technical,72,Ft. Zumwalt North,74
2012-11-26,Hazelwood East,63,Ft. Zumwalt South,65
2012-11-26,Tri-County,21,Gallatin,63
2012-11-26,Keytesville,17,Glasgow,76
2012-11-26,Valley,40,Grandview (Hillsboro),56
2012-11-26,Macon County with Bucklin,61,Hale,36
2012-11-26,Lutheran South,70,Hancock,56
2012-11-26,Malta Bend,23,Hardin-Central,96
2012-11-26,Senath-Hornersville,45,Hayti,73
2012-11-26,Hannibal,58,Highland,61
2012-11-26,Neosho,29,Hillcrest,65
2012-11-26,Marionville,45,Hollister,50
2012-11-26,Westminster Christian Academy,70,Holt,65
2012-11-26,Pleasant Hope,45,Jasper,60
2012-11-26,Christian Brothers College,106,Jennings,71
2012-11-26,Principia,60,John F. Kennedy,46
2012-11-26,Central (Springfield),51,Joplin,64
2012-11-26,Polo,53,King City,45
2012-11-26,Lutheran (Kansas City),52,La Monte,38
2012-11-26,Lafayette County,84,Lathrop,64
2012-11-26,Green Ridge,63,Leeton,61
2012-11-26,Zalma,23,Leopold,82
2012-11-26,Staley,48,Maryville,59
2012-11-26,Newtown-Harris,68,Maysville,78
2012-11-26,Rockwood Summit,56,McCluer,55
2012-11-26,Seneca,96,Meadow Heights,40
2012-11-26,SLUH,47,Mehlville,33
2012-11-26,Orrick,16,Mid-Buchanan,75
2012-11-26,New Covenant Academy,63,Miller,50
2012-11-26,Winona,72,Mountain Grove,31
2012-11-26,Thayer,53,Neelyville,43
2012-11-26,Union Star,37,North Andrew,48
2012-11-26,Rock Port,75,North Nodaway,48
2012-11-26,Stewartsville,52,Northeast Nodaway,42
2012-11-26,Sweet Springs,49,Northwest (Hughesville),32
2012-11-26,Richland (Essex),29,Oran,106
2012-11-26,Lutheran St. Charles,62,Orchard Farm,44
2012-11-26,Parkway South,54,Parkway Central,62
2012-11-26,Parkway West,67,Parkway North,70
2012-11-26,Chaminade College Prep,56,Pattonville,37
2012-11-26,Woodland,45,Perryville,53
2012-11-26,Savannah,58,Platte County,54
2012-11-26,Marion C. Early,60,Purdy,61
2012-11-26,Thomas Jefferson Independent Day,55,Sarcoxie,45
2012-11-26,Northeast (Cairo),78,Salem,47
2012-11-26,Barat Academy,17,St. Charles,72
2012-11-26,Worth County,41,Vienna,56
2012-11-26,Ft. Zumwalt East,40,Timberland,52
2012-11-26,Puxico,56,St. Clair,62
2012-11-26,O'Hara,72,Versailles,58
2012-11-26,Bishop LeBlond,59,Winnetonka,63
2012-11-26,East Carter,51,Winona,63
2012-11-27,Midway,36,Adrian,46
2012-11-27,Worth County,47,Albany,68
2012-11-27,Willow Springs,29,Alton,58
2012-11-27,Rich Hill,48,Archie,23
2012-11-27,Tuscumbia,75,Ash Grove,80
2012-11-27,Couch,50,Bakersfield,52
2012-11-27,Viburnum,42,Belle,39
2012-11-27,Campbell,32,Bernie,77
2012-11-27,Marquand-Zion,19,Bismarck,70
2012-11-27,Risco,81,Bloomfield,68
2012-11-27,Wheaton,53,Blue Eye,46
2012-11-27,St. Charles,40,Blue Springs South,56
2012-11-27,Meadville,84,Bosworth,24
2012-11-27,Cuba,85,Bourbon,45
2012-11-27,Fulton,59,Bowling Green,51
2012-11-27,Rolla,76,Buffalo,40
2012-11-27,Naylor,69,Bunker,48
2012-11-27,Bolivar,52,Camdenton,48
2012-11-27,Puxico,71,Campbell,79
2012-11-27,Monroe City,61,Canton,62
2012-11-27,Summersville,111,Caruthersville,107
2012-11-27,Jamestown,35,Chamois,54
2012-11-27,North Pemiscot,64,Clarkton,67
2012-11-27,University City,76,Clayton,83
2012-11-27,East Carter,36,Clearwater,65
2012-11-27,Smithton,50,Climax Springs,41
2012-11-27,Warrenton,45,Clopton,53
2012-11-27,Lincoln,20,Cole Camp,69
2012-11-27,Verona,53,Crane,57
2012-11-27,Kingsville,16,Crest Ridge,65
2012-11-27,Licking,58,Crocker,28
2012-11-27,St. Vincent,50,Crystal City,43
2012-11-27,Union Star,44,DeKalb,67
2012-11-27,Oak Ridge,72,Delta,35
2012-11-27,Charleston,70,Dexter,27
2012-11-27,Laquey,69,Dixon,87
2012-11-27,Koshkonong,30,Dora,88
2012-11-27,Pierce City,45,East Newton,36
2012-11-27,Holcomb,69,East Prairie,34
2012-11-27,Warsaw,74,El Dorado Springs,36
2012-11-27,Calvary Lutheran,19,Eugene,75
2012-11-27,Humansville,63,Everton,76
2012-11-27,Springfield Catholic,54,Fair Grove,60
2012-11-27,Vianney,67,Farmington,47
2012-11-27,Prairie Home,51,Father Tolton,60
2012-11-27,Hurley,58,Fordland,72
2012-11-27,Hartville,69,Galena,29
2012-11-27,South Nodaway,41,Grain Valley,55
2012-11-27,Valley,40,Grandview (Hillsboro),56
2012-11-27,La Plata,69,Green City,29
2012-11-27,Otterville,71,Green Ridge,81
2012-11-27,Wheatland,53,Greenfield,95
2012-11-27,New Bloomfield,21,Hallsville,76
2012-11-27,Lutheran South,70,Hancock,56
2012-11-27,Ste. Genevieve,50,Herculaneum,46
2012-11-27,Northwestern (Mendon),63,Higbee,48
2012-11-27,Westminster Christian Academy,70,Holt,65
2012-11-27,Union,66,Hurley,55
2012-11-27,Plato,38,Iberia,82
2012-11-27,Central (Springfield),51,Joplin,64
2012-11-27,Park Hill,40,Kearney,54
2012-11-27,Richland (Essex),45,Kelly,59
2012-11-27,Lesterville,37,Kingston,39
2012-11-27,Butler,36,Knob Noster,30
2012-11-27,Paris,30,Knox County,53
2012-11-27,South Shelby,75,Lakeland,60
2012-11-27,Golden City,47,Lamar,59
2012-11-27,Lexington,46,Lawson,59
2012-11-27,Republic,60,Lebanon,29
2012-11-27,Marquand-Zion,33,Lesterville,54
2012-11-27,Fort Osage,45,Liberty North,44
2012-11-27,Newburg,36,Licking,67
2012-11-27,Liberal,59,Lockwood,44
2012-11-27,St. Paul Lutheran (Concordia),59,Lutheran (Kansas City),23
2012-11-27,Worth County,80,Madison,26
2012-11-27,Chaffee,57,Malden,67
2012-11-27,Community,51,Mark Twain,59
2012-11-27,Sacred Heart,63,Marshall,52
2012-11-27,Staley,48,Maryville,59
2012-11-27,John Burroughs,51,Metro,21
2012-11-27,Wellsville-Middletown,20,Mexico,98
2012-11-27,Senath-Hornersville,71,Milan,33
2012-11-27,Nevada,55,Monett,43
2012-11-27,New Haven,43,Montgomery County,30
2012-11-27,Nixa,75,Mt. Vernon,51
2012-11-27,Thayer,53,Neelyville,43
2012-11-27,Webb City,75,North County,51
2012-11-27,Grundy County,53,North Harrison,58
2012-11-27,Lone Jack,34,North Platte,65
2012-11-27,Osborn,43,Northeast Nodaway,68
2012-11-27,Concordia,33,Northwest (Hughesville),21
2012-11-27,Park Hill South,64,Oak Park,36
2012-11-27,Benton,43,Odessa,50
2012-11-27,Blair Oaks,66,Osage,32
2012-11-27,Festus,37,Pacific,51
2012-11-27,Sparta,54,Pleasant Hill,63
2012-11-27,St. James,69,Potosi,37
2012-11-27,St. Elizabeth,59,Princeton,42
2012-11-27,Trinity Catholic,57,Priory,59
2012-11-27,Penney,34,Richmond,64
2012-11-27,Southwest Early College,28,Ruskin,66
2012-11-27,California,58,Sarcoxie,26
2012-11-27,Jefferson (Festus),35,Saxony Lutheran,31
2012-11-27,Clark County,54,Schuyler County,21
2012-11-27,Gideon,54,Senath-Hornersville,59
2012-11-27,Boonville,54,Savannah,47
2012-11-27,Carnahan,48,Soldan International Studies,58
2012-11-27,Van-Far,48,Slater,41
2012-11-27,Versailles,64,Van-Far,50
2012-11-27,Vienna,74,Warsaw,44
2012-11-27,Greenwood,44,Wellsville-Middletown,38
2012-11-27,Helias Catholic,39,Tipton,61
2012-11-27,Gilman City,27,Trenton,64
2012-11-27,Willard,43,Tuscumbia,45
2012-11-27,Veritas Christian Academy,62,Tarkio,49
2012-11-27,Summit Christian Academy,53,University Academy Charter,51
2012-11-27,Crossroads College Preparatory,72,Valley Park,40
2012-11-27,Chilhowee,53,Wentworth Military Academy,25
2012-11-27,Harrisburg,64,Westran,50
2012-11-27,Wright City,22,Winfield,55
2012-11-27,Zalma,65,Woodland,74
2012-11-28,Bayless,83,Affton,47
2012-11-28,Vienna,32,Albany,53
2012-11-28,Archie,38,Appleton City,18
2012-11-28,Novinger,67,Atlanta,49
2012-11-28,Brashear,38,Bevier,65
2012-11-28,Webster Groves,39,Bishop DuBourg,26
2012-11-28,Staley,52,Bishop LeBlond,56
2012-11-28,Higbee,72,Bosworth,19
2012-11-28,Hardin-Central,86,Breckenridge,12
2012-11-28,Principia,69,Brentwood,61
2012-11-28,Hale,56,Brunswick,53
2012-11-28,Jamestown,58,Bunceton,25
2012-11-28,Valley,27,Bunker,60
2012-11-28,Puxico,71,Campbell,79
2012-11-28,De Smet Jesuit,70,Cardinal Ritter,58
2012-11-28,Platte County,64,Chillicothe,65
2012-11-28,Helias Catholic,67,Climax Springs,50
2012-11-28,Westminster Christian Academy,67,Elsberry,49
2012-11-28,Ladue Horton Watkins,56,Eureka,52
2012-11-28,Keytesville,35,Fayette,85
2012-11-28,Hazelwood East,63,Francis Howell,42
2012-11-28,Timberland,58,Ft. Zumwalt North,82
2012-11-28,Hickman,58,Ft. Zumwalt South,37
2012-11-28,McKinley Classical Leadership,32,Gateway,80
2012-11-28,New Franklin,26,Glasgow,66
2012-11-28,Troy Buchanan,63,Holt,39
2012-11-28,Pattonville,59,Jennings,57
2012-11-28,Confluence Prep Academy Charter,39,John F. Kennedy,52
2012-11-28,Park Hill,40,Kearney,54
2012-11-28,Princeton,38,King City,52
2012-11-28,Savannah,61,Lafayette (St. Joseph),38
2012-11-28,Marquand-Zion,33,Lesterville,54
2012-11-28,Liberal,59,Lockwood,44
2012-11-28,SLUH,60,Lutheran South,38
2012-11-28,Norborne,77,Malta Bend,24
2012-11-28,Winnetonka,64,Maryville,56
2012-11-28,Christian Brothers College,74,McCluer,47
2012-11-28,Hancock,53,Mehlville,60
2012-11-28,Midway,59,Miami (Amoret),32
2012-11-28,Nodaway-Holt,47,Mound City,51
2012-11-28,Tri-County,46,Newtown-Harris,67
2012-11-28,Stover,46,North Andrew,60
2012-11-28,Potosi,66,North County,39
2012-11-28,East (Kansas City),73,O'Hara,76
2012-11-28,Barat Academy,19,Orchard Farm,50
2012-11-28,Calvary Lutheran,30,Osage,40
2012-11-28,Festus,37,Pacific,51
2012-11-28,Parkway North,42,Parkway Central,45
2012-11-28,Parkway West,72,Parkway South,49
2012-11-28,Chaminade College Prep,55,Rockwood Summit,43
2012-11-28,Carnahan,62,Roosevelt,45
2012-11-28,Van-Far,44,Sarcoxie,55
2012-11-28,Westran,60,Salem,57
2012-11-28,Lutheran St. Charles,60,St. Charles,77
2012-11-28,Whitfield,69,West Plains,41
2012-11-28,Trinity Catholic,97,Valley Park,72
2012-11-28,Veritas Christian Academy,40,Winfield,45
2012-11-29,Drexel,68,Adrian,29
2012-11-29,Oran,56,Advance,71
2012-11-29,Fair Grove,57,Ash Grove,65
2012-11-29,Winona,76,Aurora,51
2012-11-29,Northeast Vernon County,34,Ballard,45
2012-11-29,Chaffee,81,Bell City,67
2012-11-29,Bourbon,36,Belle,51
2012-11-29,Eugene,57,Blair Oaks,70
2012-11-29,Wellsville-Middletown,50,Blue Eye,71
2012-11-29,Warrenton,78,Bowling Green,72
2012-11-29,Principia,69,Brentwood,61
2012-11-29,Montrose,47,Bronaugh,67
2012-11-29,Cole Camp,59,Butler,68
2012-11-29,St. Pius X (Festus),57,Central (Cape Girardeau),61
2012-11-29,Macks Creek,32,Chamois,31
2012-11-29,Green Ridge,59,Chilhowee,42
2012-11-29,North Pemiscot,64,Clarkton,77
2012-11-29,Vianney,70,Clayton,50
2012-11-29,Pierce City,49,Crane,79
2012-11-29,Licking,58,Crocker,28
2012-11-29,Priory,42,Crossroads College Preparatory,46
2012-11-29,Jefferson (Festus),31,Crystal City,52
2012-11-29,Fair Play,74,Dadeville,65
2012-11-29,Northeast Nodaway,46,DeKalb,60
2012-11-29,Meadow Heights,57,Delta,48
2012-11-29,Cooter,37,Delta (Deering),67
2012-11-29,Thomas Jefferson Independent Day,28,Diamond,66
2012-11-29,Iberia,55,Dixon,42
2012-11-29,Bloomfield,82,East Prairie,58
2012-11-29,Lakeland,80,El Dorado Springs,44
2012-11-29,Plattsburg,40,Excelsior Springs,71
2012-11-29,University City,73,Farmington,61
2012-11-29,Bradleyville,57,Forsyth,75
2012-11-29,Hazelwood East,63,Francis Howell,42
2012-11-29,Clopton,49,Fulton,55
2012-11-29,Hurley,63,Galena,62
2012-11-29,Maysville,25,Gallatin,61
2012-11-29,North Pemiscot,57,Gideon,61
2012-11-29,Marshall,66,Grain Valley,53
2012-11-29,Milan,43,Green City,53
2012-11-29,Everton,83,Greenfield,78
2012-11-29,Northeast (Cairo),57,Harrisburg,58
2012-11-29,Saxony Lutheran,69,Herculaneum,45
2012-11-29,Risco,46,Holcomb,70
2012-11-29,Summit Christian Academy,76,Holden,54
2012-11-29,New Covenant Academy,43,Hollister,59
2012-11-29,Savannah,43,Jefferson City,77
2012-11-29,Reeds Spring,25,Kickapoo,72
2012-11-29,La Monte,51,Kingsville,42
2012-11-29,Lincoln,21,Knob Noster,61
2012-11-29,Lutie,67,Koshkonong,43
2012-11-29,Senath-Hornersville,64,La Plata,58
2012-11-29,Lawson,50,Lafayette County,64
2012-11-29,Lincoln College Prep,44,Lee's Summit North,60
2012-11-29,Perryville,30,Leopold,66
2012-11-29,Southern Boone,56,Linn,43
2012-11-29,Macon County with Bucklin,40,Linn County,48
2012-11-29,North Platte,63,Lutheran (Kansas City),55
2012-11-29,Moberly,61,Macon,40
2012-11-29,Scott County Central,91,Malden,67
2012-11-29,McAuley Catholic,44,Marion C. Early,49
2012-11-29,Winnetonka,64,Maryville,56
2012-11-29,Northwestern (Mendon),52,Meadville,66
2012-11-29,Waynesville,65,Metro,51
2012-11-29,University Academy Charter,37,Metro,27
2012-11-29,New Haven,28,Mexico,59
2012-11-29,South Pemiscot,67,Missouri Military Academy,27
2012-11-29,Seneca,63,Monett,51
2012-11-29,Willow Springs,34,Neelyville,66
2012-11-29,Central (Springfield),52,Nevada,50
2012-11-29,St. James,36,North Nodaway,43
2012-11-29,Ft. Zumwalt East,55,North Technical,59
2012-11-29,Seneca,52,Oak Ridge,43
2012-11-29,East Buchanan,68,Orrick,36
2012-11-29,Rich Hill,55,Osceola,60
2012-11-29,Lebanon,38,Ozark,70
2012-11-29,Westran,70,Plato,68
2012-11-29,St. Elizabeth,84,Polo,56
2012-11-29,Schuyler County,43,Putnam County,68
2012-11-29,Clarkton,44,Senath-Hornersville,82
2012-11-29,Sacred Heart,77,South Nodaway,71
2012-11-29,Warsaw,77,South Shelby,59
2012-11-29,Westran,60,Salem,57
2012-11-29,Tipton,57,Smithton,33
2012-11-29,Tuscumbia,39,Slater,81
2012-11-29,West Platte,58,Southeast,43
2012-11-29,Webb City,51,St. James,65
2012-11-29,St. Vincent,40,Ste. Genevieve,32
2012-11-29,Cuba,81,Warsaw,41
2012-11-29,Hallsville,60,Worth County,46
2012-11-29,Ellington,49,Wright City,55
2012-11-29,Braymer,45,Trenton,54
2012-11-29,Bernie,74,St. Clair,63
2012-11-29,Wright City,46,Tarkio,58
2012-11-29,Confluence Prep Academy Charter,65,Valley Park,56
2012-11-29,St. Mary's (Independence),55,Versailles,43
2012-11-29,California,58,Versailles,46
2012-11-29,Vienna,66,Viburnum,44
2012-11-29,Montgomery County,65,Wellsville-Middletown,50
2012-11-29,Greenwood,34,Wheaton,64
2012-11-30,Rich Hill,59,Adrian,27
2012-11-30,Scott County Central,75,Advance,71
2012-11-30,Hancock,45,Affton,61
2012-11-30,Thayer,45,Alton,66
2012-11-30,Midway,36,Archie,27
2012-11-30,Mehlville,37,Bayless,49
2012-11-30,Raymore-Peculiar,54,Belton,50
2012-11-30,Harrisonville,59,Benton,23
2012-11-30,Holcomb,52,Bernie,54
2012-11-30,Green City,48,Bevier,56
2012-11-30,Jasper,43,Billings,79
2012-11-30,Lutheran South,66,Bishop DuBourg,46
2012-11-30,Campbell,46,Bloomfield,70
2012-11-30,Wellsville-Middletown,50,Blue Eye,71
2012-11-30,Milan,56,Brashear,50
2012-11-30,Malta Bend,41,Breckenridge,21
2012-11-30,Priory,46,Brentwood,56
2012-11-30,Climax Springs,55,Bunceton,63
2012-11-30,Lesterville,56,Bunker,47
2012-11-30,Liberty (Mountain View),62,Cabool,60
2012-11-30,Northeast Vernon County,29,Calhoun,62
2012-11-30,Palmyra,74,Canton,75
2012-11-30,Whitfield,53,Cardinal Ritter,57
2012-11-30,Carthage,51,Carl Junction,53
2012-11-30,Hayti,58,Caruthersville,69
2012-11-30,Blue Springs,63,Central (St. Joseph),58
2012-11-30,Christian Brothers College,56,Chaminade College Prep,60
2012-11-30,Willard,39,Chilhowee,41
2012-11-30,Bishop LeBlond,49,Chillicothe,40
2012-11-30,Miller Career Academy,53,Cleveland NJROTC,17
2012-11-30,Oak Grove,63,Clinton,43
2012-11-30,Madison,25,Community,71
2012-11-30,Carrollton,45,Concordia,58
2012-11-30,Mountain Grove,46,Conway,61
2012-11-30,Sweet Springs,59,Cooter,65
2012-11-30,Principia,55,Crossroads College Preparatory,56
2012-11-30,St. Vincent,39,Crystal City,31
2012-11-30,West Plains,29,De Smet Jesuit,78
2012-11-30,Van Buren,53,East Carter,42
2012-11-30,Verona,59,East Newton,39
2012-11-30,Puxico,82,East Prairie,73
2012-11-30,Fatima,58,Eldon,46
2012-11-30,Ft. Zumwalt South,64,Elsberry,44
2012-11-30,Hazelwood Central,72,Eureka,42
2012-11-30,Sarcoxie,72,Exeter,79
2012-11-30,Halfway,40,Fair Play,80
2012-11-30,Pilot Grove,48,Father Tolton,47
2012-11-30,St. Charles,64,Fort Osage,54
2012-11-30,Holt,62,Francis Howell,55
2012-11-30,Potosi,37,Fredericktown,49
2012-11-30,Winfield,51,Ft. Zumwalt North,59
2012-11-30,Tri-County,45,Gilman City,48
2012-11-30,Branson,55,Glendale,59
2012-11-30,Center,52,Grandview,35
2012-11-30,Naylor,57,Grandview (Hillsboro),33
2012-11-30,Higbee,58,Hale,59
2012-11-30,Hermitage,52,Halfway,50
2012-11-30,Norborne,25,Hardin-Central,68
2012-11-30,Union,49,Hartville,63
2012-11-30,Troy Buchanan,61,Hazelwood East,67
2012-11-30,Jefferson (Festus),49,Herculaneum,41
2012-11-30,Slater,62,Hermann,72
2012-11-30,Westminster Christian Academy,53,Hickman,66
2012-11-30,Logan-Rogersville,70,Hillcrest,73
2012-11-30,Wheatland,64,Humansville,41
2012-11-30,Northwest (Cedar Hill),36,Jackson,65
2012-11-30,Helias Catholic,73,Jamestown,47
2012-11-30,Kirkwood,64,Jefferson City,76
2012-11-30,McCluer,62,Jennings,72
2012-11-30,Trinity Catholic,65,John F. Kennedy,71
2012-11-30,Chaffee,68,Kelly,59
2012-11-30,Worth County,51,King City,58
2012-11-30,Bismarck,84,Kingston,35
2012-11-30,Winnetonka,36,Lafayette (St. Joseph),58
2012-11-30,St. Charles West,46,Lafayette (Wildwood),55
2012-11-30,Liberal,36,Lamar,54
2012-11-30,Seneca,37,Leopold,55
2012-11-30,Golden City,48,Lockwood,43
2012-11-30,Barat Academy,29,Lutheran St. Charles,72
2012-11-30,Oran,82,Malden,63
2012-11-30,Soldan International Studies,34,Maplewood-Richmond Hts.,67
2012-11-30,Mark Twain,52,Marion County,58
2012-11-30,Miller,44,Marionville,47
2012-11-30,Bolivar,52,Marshfield,51
2012-11-30,Savannah,29,Maryville,47
2012-11-30,Woodland,69,Meadow Heights,42
2012-11-30,North Callaway,60,New Bloomfield,35
2012-11-30,Northeast (Cairo),51,New Franklin,40
2012-11-30,Tarkio,60,North Technical,66
2012-11-30,Crest Ridge,56,Northwest (Hughesville),26
2012-11-30,Duchesne,63,Notre Dame (Cape Girardeau),48
2012-11-30,Perryville,50,Oak Ridge,61
2012-11-30,Wellington-Napoleon,45,Odessa,51
2012-11-30,Summit Christian Academy,52,O'Hara,45
2012-11-30,Sarcoxie,54,Osage,49
2012-11-30,Salem,37,Pacific,49
2012-11-30,Monroe City,48,Paris,42
2012-11-30,Oak Park,52,Park Hill,61
2012-11-30,North Kansas City,36,Park Hill South,61
2012-11-30,Parkway West,39,Parkway Central,32
2012-11-30,Parkway South,62,Parkway North,70
2012-11-30,Rockwood Summit,48,Pattonville,53
2012-11-30,Staley,78,Platte County,77
2012-11-30,New Heights Christian,50,Pleasant Hope,34
2012-11-30,Clever,60,Purdy,50
2012-11-30,Clark County,53,Putnam County,68
2012-11-30,Newburg,58,Richland,56
2012-11-30,Cameron,65,Richmond,51
2012-11-30,Liberty North,58,Rockhurst,69
2012-11-30,Warrensburg,56,Rolla,45
2012-11-30,Lee's Summit,72,Ruskin,62
2012-11-30,Brookfield,23,Schuyler County,79
2012-11-30,Kingsville,41,Scott County Central,51
2012-11-30,Festus,56,Seckman,37
2012-11-30,Clarkton,82,Senath-Hornersville,44
2012-11-30,Dexter,23,Sikeston,55
2012-11-30,Webster Groves,37,SLUH,56
2012-11-30,Stewartsville,39,Stover,46
2012-11-30,Springfield Catholic,58,Tuscumbia,61
2012-11-30,Frontier School of Excellence Charter,23,Southwest Early College,59
2012-11-30,Orchard Farm,32,St. Charles,47
2012-11-30,St. Dominic,38,St. Francis Borgia,46
2012-11-30,Saxony Lutheran,41,Ste. Genevieve,53
2012-11-30,Laquey,72,Westran,59
2012-11-30,Leeton,63,Sweet Springs,71
2012-11-30,Veritas Christian Academy,58,Timberland,67
2012-11-30,Risco,63,St. Clair,71
2012-11-30,St. Mary's (Independence),45,University Academy Charter,49
2012-11-30,Chadwick,34,Walnut Grove,58
2012-11-30,Fayette,67,Westran,51
2012-11-30,John Burroughs,54,Windsor (Imperial),35
2012-11-30,Ft. Zumwalt East,79,Wright City,46
2012-12-01,St. Elizabeth,53,Albany,47
2012-12-01,Liberty (Mountain View),57,Alton,54
2012-12-01,Clearwater,60,Arcadia Valley,30
2012-12-01,Winona,71,Ash Grove,37
2012-12-01,La Plata,66,Atlanta,37
2012-12-01,Fair Grove,54,Aurora,62
2012-12-01,Koshkonong,42,Bakersfield,62
2012-12-01,Viburnum,37,Belle,50
2012-12-01,Naylor,44,Bismarck,61
2012-12-01,California,54,Blair Oaks,68
2012-12-01,Marionville,48,Blue Eye,45
2012-12-01,Wellsville-Middletown,47,Bowling Green,78
2012-12-01,Maysville,34,Braymer,61
2012-12-01,Camdenton,69,Buffalo,62
2012-12-01,Warsaw,77,Butler,67
2012-12-01,Thayer,52,Cabool,57
2012-12-01,Joplin,58,Carl Junction,73
2012-12-01,Lee's Summit North,43,Central (Kansas City),44
2012-12-01,West County,61,Central (Park Hills),55
2012-12-01,Smithton,43,Chamois,54
2012-12-01,Rock Bridge,42,Christian Brothers College,58
2012-12-01,Hartville,50,Clever,54
2012-12-01,New Haven,57,Clopton,55
2012-12-01,South Shelby,58,Cole Camp,73
2012-12-01,Tuscumbia,65,Conway,67
2012-12-01,Valle Catholic,59,Crystal City,54
2012-12-01,Vienna,70,Cuba,92
2012-12-01,Crane,59,Diamond,56
2012-12-01,Crocker,53,Dixon,77
2012-12-01,Couch,33,Dora,52
2012-12-01,Osceola,40,Drexel,63
2012-12-01,Lathrop,43,East Buchanan,49
2012-12-01,Sarcoxie,40,East Newton,42
2012-12-01,Versailles,52,Eugene,62
2012-12-01,Fair Play,82,Everton,71
2012-12-01,Verona,53,Exeter,42
2012-12-01,Mexico,71,Fulton,27
2012-12-01,McAuley Catholic,72,Galena,60
2012-12-01,Harrisburg,29,Glasgow,46
2012-12-01,New Heights Christian,65,Golden City,72
2012-12-01,Sacred Heart,54,Grain Valley,48
2012-12-01,Kingston,62,Grandview (Hillsboro),52
2012-12-01,Dadeville,71,Greenfield,73
2012-12-01,Humansville,68,Halfway,44
2012-12-01,Wheatland,63,Hermitage,68
2012-12-01,Waynesville,52,Hickman,68
2012-12-01,Republic,56,Hillcrest,46
2012-12-01,Ste. Genevieve,32,Hillsboro,50
2012-12-01,Wheaton,44,Hollister,72
2012-12-01,Marion C. Early,57,Hurley,42
2012-12-01,Licking,42,Iberia,52
2012-12-01,Liberal,48,Jasper,52
2012-12-01,Lakeland,55,Knob Noster,82
2012-12-01,Helias Catholic,45,Lafayette (St. Joseph),50
2012-12-01,Billings,83,Lamar,62
2012-12-01,North Platte,54,Lawson,70
2012-12-01,Neosho,60,Lebanon,73
2012-12-01,Reeds Spring,58,Liberty,60
2012-12-01,Meadville,55,Linn County,44
2012-12-01,Pleasant Hope,59,Lockwood,53
2012-12-01,Gainesville,48,Lutie,44
2012-12-01,Tipton,56,Macks Creek,36
2012-12-01,Schuyler County,65,Macon,37
2012-12-01,Northwestern (Mendon),47,Macon County with Bucklin,48
2012-12-01,South Nodaway,61,Marshall,47
2012-12-01,Rolla,74,Marshfield,99
2012-12-01,Savannah,29,Maryville,47
2012-12-01,Penney,41,Mid-Buchanan,54
2012-12-01,Nevada,55,Monett,43
2012-12-01,Warrenton,53,Montgomery County,51
2012-12-01,Rock Port,37,Mound City,51
2012-12-01,Springfield Catholic,41,Mountain Grove,29
2012-12-01,Greenwood,46,New Covenant Academy,33
2012-12-01,Laquey,34,Newburg,37
2012-12-01,De Smet Jesuit,57,Nixa,60
2012-12-01,Senath-Hornersville,54,Novinger,55
2012-12-01,Summit Christian Academy,52,O'Hara,45
2012-12-01,West Plains,39,Parkview,53
2012-12-01,Thomas Jefferson Independent Day,34,Pierce City,56
2012-12-01,West Platte,57,Plattsburg,22
2012-12-01,Vienna,57,Polo,44
2012-12-01,Union,50,Purdy,57
2012-12-01,Festus,56,Seckman,37
2012-12-01,Central (Springfield),47,Seneca,60
2012-12-01,Moberly,55,Southern Boone,54
2012-12-01,Central (Cape Girardeau),64,St. James,65
2012-12-01,Bourbon,39,Warsaw,38
2012-12-01,St. Pius X (Festus),54,Webb City,65
2012-12-01,Gallatin,66,Trenton,55
2012-12-01,Bolivar,56,Warrensburg,40
2012-12-02,Camdenton,53,Blair Oaks,56
2012-12-02,Mexico,59,Glendale,41
2012-12-02,Troy Buchanan,35,Liberty North,51
2012-12-03,Liberal,60,Adrian,37
2012-12-03,Houston,41,Ava,50
2012-12-03,Highland,59,Bowling Green,61
2012-12-03,Wentworth Military Academy,33,Chilhowee,50
2012-12-03,Missouri School for the Deaf,48,Community,51
2012-12-03,Veritas Christian Academy,65,Confluence Prep Academy Charter,50
2012-12-03,Vianney,66,Construction Careers Charter,45
2012-12-03,Charleston,74,Dexter,23
2012-12-03,Lindbergh,40,Festus,35
2012-12-03,Mansfield,56,Fordland,51
2012-12-03,Lutheran North,68,Francis Howell North,66
2012-12-03,Ritenour,43,Ft. Zumwalt South,53
2012-12-03,Linn,52,Hermann,62
2012-12-03,Northwest (Cedar Hill),41,Hillsboro,57
2012-12-03,Notre Dame (Cape Girardeau),64,Jackson,59
2012-12-03,Bronaugh,43,Jasper,64
2012-12-03,Leeton,58,Kingsville,25
2012-12-03,Canton,62,Knox County,44
2012-12-03,Lutheran (Kansas City),63,La Monte,31
2012-12-03,North Platte,54,Lathrop,61
2012-12-03,Barstow,32,Lee's Summit West,63
2012-12-03,South Shelby,57,Mark Twain,52
2012-12-03,McAuley Catholic,40,McDonald County,50
2012-12-03,Ballard,39,Miami (Amoret),41
2012-12-03,Palmyra,63,Monroe City,37
2012-12-03,Sweet Springs,23,Neelyville,87
2012-12-03,Fatima,75,New Bloomfield,21
2012-12-03,Brookfield,31,Oak Grove,68
2012-12-03,Plattsburg,59,Penney,56
2012-12-03,Sikeston,78,Poplar Bluff,53
2012-12-03,Raytown,42,Raymore-Peculiar,44
2012-12-03,Polo,55,Ridgeway,62
2012-12-03,St. Dominic,50,St. Charles West,51
2012-12-03,Maysville,70,Tri-County,21
2012-12-03,Northeast (Cairo),69,Westran,37
2012-12-03,Barat Academy,60,Wright City,36
2012-12-04,Bell City,46,Advance,90
2012-12-04,St. Pius X (Festus),84,Affton,79
2012-12-04,Hume,13,Appleton City,73
2012-12-04,Meadville,64,Atlanta,38
2012-12-04,Lafayette (St. Joseph),72,Benton,17
2012-12-04,Seneca,53,Bernie,69
2012-12-04,La Plata,61,Bevier,56
2012-12-04,Park Hill,35,Blue Springs,57
2012-12-04,Hillcrest,49,Bolivar,38
2012-12-04,Hallsville,70,Boonville,66
2012-12-04,Galena,74,Bradleyville,71
2012-12-04,Ladue Horton Watkins,65,Brentwood,50
2012-12-04,Richmond,68,Brookfield,35
2012-12-04,Glasgow,80,Brunswick,34
2012-12-04,Green Ridge,61,Bunceton,49
2012-12-04,Plato,69,Cabool,76
2012-12-04,La Monte,57,Calhoun,61
2012-12-04,Eldon,53,Camdenton,33
2012-12-04,Liberty North,56,Cameron,36
2012-12-04,Clopton,50,Canton,68
2012-12-04,Joplin,44,Carthage,41
2012-12-04,Blue Eye,59,Cassville,63
2012-12-04,Central (New Madrid County),54,Central (Cape Girardeau),59
2012-12-04,Crystal City,73,Central (Park Hills),69
2012-12-04,St. Pius X (Kansas City),55,Central (St. Joseph),52
2012-12-04,Worth County,74,Centralia,60
2012-12-04,SLUH,47,Chaminade College Prep,45
2012-12-04,MICDS,51,Clayton,55
2012-12-04,California,51,Cole Camp,48
2012-12-04,Scott County Central,53,Concordia,57
2012-12-04,Laquey,61,Conway,65
2012-12-04,Sweet Springs,52,Crest Ridge,34
2012-12-04,Whitfield,45,Crossroads College Preparatory,35
2012-12-04,Windsor (Imperial),47,DeSoto,48
2012-12-04,Jackson,64,Dexter,38
2012-12-04,Lawson,48,East Buchanan,30
2012-12-04,Doniphan,89,East Carter,70
2012-12-04,Chaffee,85,East Prairie,43
2012-12-04,Warsaw,65,El Dorado Springs,47
2012-12-04,Tipton,65,Eugene,76
2012-12-04,Salem,54,Fayette,78
2012-12-04,Confluence Prep Academy Charter,37,Fox,55
2012-12-04,Seckman,65,Francis Howell Central,56
2012-12-04,St. Dominic,58,Francis Howell North,38
2012-12-04,Westminster Christian Academy,65,Ft. Zumwalt East,55
2012-12-04,Ritenour,43,Ft. Zumwalt South,53
2012-12-04,Kirkwood,65,Ft. Zumwalt West,51
2012-12-04,Norwood,51,Gainesville,43
2012-12-04,Gallatin,59,Gilman City,12
2012-12-04,Branson,59,Glendale,43
2012-12-04,Sparta,53,Grain Valley,41
2012-12-04,Lee's Summit,51,Grandview,56
2012-12-04,Chadwick,49,Halfway,47
2012-12-04,Wright City,44,Hermann,60
2012-12-04,St. Charles,67,Hickman,59
2012-12-04,Senath-Hornersville,44,Holcomb,70
2012-12-04,Clinton,38,Holden,54
2012-12-04,Winona,58,Hollister,55
2012-12-04,Crane,70,Hurley,66
2012-12-04,Sarcoxie,86,Jamestown,59
2012-12-04,Rockhurst,69,Jefferson City,52
2012-12-04,Lesterville,44,Kingston,35
2012-12-04,Hannibal,48,Kirksville,51
2012-12-04,Versailles,53,Knob Noster,60
2012-12-04,Lexington,37,Lafayette County,72
2012-12-04,Diamond,51,Lamar,27
2012-12-04,Woodland,35,Leopold,82
2012-12-04,Rich Hill,52,Liberal,60
2012-12-04,Wright City,36,Liberty (Mountain View),59
2012-12-04,Smithton,53,Lincoln,33
2012-12-04,St. Paul Lutheran (Concordia),52,Lone Jack,29
2012-12-04,Marceline,60,Louisiana,39
2012-12-04,Duchesne,64,Lutheran St. Charles,53
2012-12-04,Greenwood,42,Lutie,30
2012-12-04,Schuyler County,60,Macon,46
2012-12-04,Hale,43,Macon County with Bucklin,68
2012-12-04,Northeast (Cairo),83,Madison,17
2012-12-04,Gideon,30,Malden,54
2012-12-04,Northwest (Hughesville),65,Malta Bend,16
2012-12-04,Buffalo,42,Marion C. Early,47
2012-12-04,Mexico,68,Marshall,38
2012-12-04,Lebanon,62,Marshfield,74
2012-12-04,Ft. Zumwalt North,69,McCluer,52
2012-12-04,Trinity Catholic,53,McCluer South-Berkeley,51
2012-12-04,Green City,35,Mercer,69
2012-12-04,West Platte,72,Mid-Buchanan,24
2012-12-04,Schuyler County,53,Milan,56
2012-12-04,Higbee,68,Missouri School for the Deaf,42
2012-12-04,Harrisburg,38,Moberly,70
2012-12-04,Hartville,71,Mountain Grove,32
2012-12-04,Carl Junction,52,Nevada,67
2012-12-04,Keytesville,14,New Franklin,56
2012-12-04,Van-Far,33,Newburg,60
2012-12-04,Smithville,45,Niangua,25
2012-12-04,Stewartsville,51,Nodaway-Holt,69
2012-12-04,Liberty,74,North Kansas City,41
2012-12-04,Kearney,49,Oak Park,41
2012-12-04,Rockwood Summit,51,Oakville,44
2012-12-04,Windsor,44,Odessa,67
2012-12-04,Savannah,52,O'Hara,76
2012-12-04,Principia,50,Orchard Farm,54
2012-12-04,Wellington-Napoleon,62,Orrick,20
2012-12-04,Iberia,68,Osage,29
2012-12-04,Lakeland,42,Osceola,72
2012-12-04,Marion County,69,Paris,37
2012-12-04,Pembroke Hill,29,Park Hill South,68
2012-12-04,Washington,39,Parkway Central,49
2012-12-04,Prairie Home,64,Pilot Grove,74
2012-12-04,Fort Osage,77,Platte County,43
2012-12-04,Warrensburg,58,Pleasant Hill,65
2012-12-04,Weaubleau,67,Pleasant Hope,51
2012-12-04,Cooter,24,Portageville,99
2012-12-04,West County,58,Potosi,43
2012-12-04,New Heights Christian,40,Purdy,69
2012-12-04,Aurora,50,Reeds Spring,43
2012-12-04,Campbell,73,Richland (Essex),65
2012-12-04,North Harrison,42,Ridgeway,60
2012-12-04,Oran,78,Risco,44
2012-12-04,Southwest Early College,43,Rock Bridge,75
2012-12-04,St. James,67,Rolla,45
2012-12-04,West Plains,53,Roosevelt,55
2012-12-04,Miami (Amoret),40,Seneca,45
2012-12-04,South Shelby,78,South Nodaway,74
2012-12-04,Montgomery County,31,Slater,51
2012-12-04,St. Joseph Christian,49,Stover,41
2012-12-04,North Callaway,44,Southern Boone,56
2012-12-04,Bosworth,17,Thayer,55
2012-12-04,East Newton,40,Tuscumbia,52
2012-12-04,New Covenant Academy,66,Spokane,82
2012-12-04,Forsyth,51,Springfield Catholic,52
2012-12-04,Pattonville,70,St. Charles,62
2012-12-04,Southeast,62,St. Mary's (Independence),60
2012-12-04,Saxony Lutheran,38,Ste. Genevieve,51
2012-12-04,Cuba,85,Warsaw,47
2012-12-04,Sarcoxie,37,Wellsville-Middletown,41
2012-12-04,Tuscumbia,57,Willard,59
2012-12-04,Bloomfield,51,St. Clair,69
2012-12-04,Cainsville,27,Union Star,66
2012-12-04,Vianney,71,University City,49
2012-12-04,Stanberry,86,Valley,18
2012-12-04,Bunker,56,Van Buren,79
2012-12-04,Exeter,42,Verona,50
2012-12-04,Dixon,69,Vienna,65
2012-12-04,Miller,43,Walnut Grove,31
2012-12-04,Webb City,56,Warrenton,38
2012-12-04,Salem,50,West Plains,68
2012-12-04,Parkview,54,Willard,41
2012-12-04,Licking,74,Willow Springs,28
2012-12-04,Bowling Green,56,Winfield,61
2012-12-04,Raytown South,60,Winnetonka,61
2012-12-04,North Nodaway,54,Worth County,67
2012-12-05,Winfield,64,Barat Academy,43
2012-12-05,Barstow,50,Belton,56
2012-12-05,Lutheran (Kansas City),53,Calhoun,37
2012-12-05,West Plains,37,Carnahan,72
2012-12-05,Cameron,49,Central (St. Joseph),54
2012-12-05,Leeton,46,Chilhowee,33
2012-12-05,University City,73,Construction Careers Charter,39
2012-12-05,South Pemiscot,55,Elsberry,74
2012-12-05,Northwest (Cedar Hill),48,Festus,71
2012-12-05,Veritas Christian Academy,62,Fox,49
2012-12-05,Windsor (Imperial),36,Francis Howell Central,64
2012-12-05,Kirkwood,57,Ft. Zumwalt South,69
2012-12-05,Ritenour,47,Ft. Zumwalt West,50
2012-12-05,College Preparatory,63,Gateway,58
2012-12-05,Wentworth Military Academy,50,Kingsville,40
2012-12-05,Mark Twain,51,Monroe City,54
2012-12-05,Richmond,35,Oak Grove,50
2012-12-05,Pembroke Hill,35,Oak Park,30
2012-12-05,South Shelby,51,Palmyra,58
2012-12-05,Mehlville,39,Parkway North,57
2012-12-05,Ruskin,53,Raytown,50
2012-12-05,Lutheran North,52,St. Charles West,59
2012-12-06,Mansfield,43,Ava,56
2012-12-06,Maryville,52,Benton,34
2012-12-06,Rockhurst,77,Blue Springs,63
2012-12-06,St. Charles,38,Blue Springs South,58
2012-12-06,Macon,39,Boonville,44
2012-12-06,Plato,43,Bunker,39
2012-12-06,New Bloomfield,58,Calvary Lutheran,59
2012-12-06,Senath-Hornersville,58,Caruthersville,96
2012-12-06,Helias Catholic,36,Center,48
2012-12-06,Cristo Rey,14,Central (Kansas City),59
2012-12-06,North Callaway,64,Centralia,50
2012-12-06,Notre Dame (Cape Girardeau),35,Charleston,69
2012-12-06,Lesterville,25,Clearwater,54
2012-12-06,St. Paul Lutheran (Concordia),47,Concordia,44
2012-12-06,Orrick,40,Crest Ridge,74
2012-12-06,East Carter,77,Ellington,51
2012-12-06,Lift for Life Academy Charter,43,Elsberry,42
2012-12-06,Union,59,Forsyth,58
2012-12-06,Fair Play,80,Greenfield,72
2012-12-06,Humansville,38,Greenwood,49
2012-12-06,Green City,50,Grundy County,41
2012-12-06,Schuyler County,66,Hallsville,60
2012-12-06,Webster Groves,72,Hazelwood West,58
2012-12-06,Affton,68,Herculaneum,52
2012-12-06,North Kansas City,47,Hogan Prep Academy Charter,72
2012-12-06,Park Hill,55,Jefferson City,59
2012-12-06,McCluer,62,Jennings,72
2012-12-06,Jefferson (Festus),58,Kingston,39
2012-12-06,Maplewood-Richmond Hts.,56,Lafayette (Wildwood),38
2012-12-06,Odessa,30,Lafayette County,59
2012-12-06,Archie,43,Lakeland,51
2012-12-06,Plattsburg,61,Lathrop,47
2012-12-06,Miller Career Academy,59,Lee's Summit,66
2012-12-06,Windsor,53,Lexington,51
2012-12-06,Southeast,31,Lincoln College Prep,76
2012-12-06,Scott County Central,51,Lone Jack,47
2012-12-06,Paris,42,Louisiana,53
2012-12-06,John Burroughs,59,Lutheran South,43
2012-12-06,Marion County,51,Marceline,47
2012-12-06,SLUH,42,Marquette,47
2012-12-06,DeKalb,51,Maysville,31
2012-12-06,Roosevelt,64,Metro,51
2012-12-06,Richland (Essex),62,North Pemiscot,73
2012-12-06,Smithville,42,Norwood,52
2012-12-06,Kearney,36,Park Hill South,48
2012-12-06,Tuscumbia,36,Pilot Grove,56
2012-12-06,Central (New Madrid County),59,Poplar Bluff,61
2012-12-06,Willard,62,Prairie Home,57
2012-12-06,Mercer,57,Princeton,41
2012-12-06,East Newton,45,Sarcoxie,54
2012-12-06,Osceola,68,South Nodaway,76
2012-12-06,Central (Cape Girardeau),52,Sikeston,61
2012-12-06,Versailles,91,Smithton,56
2012-12-06,Worth County,59,Southern Boone,62
2012-12-06,Veritas Christian Academy,48,St. Charles,73
2012-12-06,Warsaw,22,St. James,66
2012-12-06,Stewartsville,43,St. Joseph Christian,54
2012-12-06,Liberty North,57,St. Pius X (Kansas City),45
2012-12-06,Wellington-Napoleon,50,Sweet Springs,46
2012-12-06,Washington,66,Timberland,46
2012-12-06,Warrenton,55,Tarkio,47
2012-12-06,Harrisonville,61,University Academy Charter,45
2012-12-06,Laquey,49,Vienna,74
2012-12-06,Galena,47,Walnut Grove,61
2012-12-07,Drexel,72,Appleton City,28
2012-12-07,Holden,45,Archie,33
2012-12-07,Bolivar,69,Aurora,40
2012-12-07,Hancock,37,Barat Academy,44
2012-12-07,Ruskin,68,Belton,47
2012-12-07,Pierce City,50,Billings,75
2012-12-07,Crystal City,63,Bismarck,57
2012-12-07,Richland (Essex),35,Bloomfield,73
2012-12-07,Hollister,57,Blue Eye,40
2012-12-07,North Callaway,51,Boonville,62
2012-12-07,Tarkio,52,Bourbon,39
2012-12-07,Windsor,61,Brookfield,68
2012-12-07,New Franklin,77,Brunswick,32
2012-12-07,Fair Grove,70,Buffalo,55
2012-12-07,Malta Bend,34,Bunceton,70
2012-12-07,Adrian,12,Butler,52
2012-12-07,Harrisburg,47,Calvary Lutheran,17
2012-12-07,Malden,82,Campbell,50
2012-12-07,Trinity Catholic,42,Cardinal Ritter,82
2012-12-07,Kickapoo,65,Carthage,42
2012-12-07,Helias Catholic,36,Center,48
2012-12-07,St. James,49,Center,67
2012-12-07,Notre Dame (Cape Girardeau),43,Central (Cape Girardeau),54
2012-12-07,Lincoln College Prep,68,Central (Kansas City),59
2012-12-07,Pembroke Hill,49,Central (St. Joseph),55
2012-12-07,Excelsior Springs,53,Chillicothe,51
2012-12-07,Canton,59,Clark County,49
2012-12-07,Whitfield,61,Clayton,77
2012-12-07,McKinley Classical Leadership,44,Cleveland NJROTC,66
2012-12-07,Ash Grove,44,Clever,59
2012-12-07,Savannah,51,Clinton,47
2012-12-07,Confluence Prep Academy Charter,55,Construction Careers Charter,32
2012-12-07,Mountain Grove,38,Conway,71
2012-12-07,Holcomb,83,Cooter,28
2012-12-07,Thayer,49,Couch,41
2012-12-07,Scott County Central,68,Crest Ridge,34
2012-12-07,Van-Far,39,Crocker,38
2012-12-07,Laquey,73,Cuba,84
2012-12-07,Everton,83,Dadeville,73
2012-12-07,Seckman,61,DeSoto,45
2012-12-07,Koshkonong,17,Dora,60
2012-12-07,Mid-Buchanan,44,East Buchanan,61
2012-12-07,Neelyville,68,East Carter,53
2012-12-07,Knob Noster,67,El Dorado Springs,37
2012-12-07,Dixon,66,Eldon,60
2012-12-07,Stanberry,91,Ellington,31
2012-12-07,Parkway West,60,Eureka,70
2012-12-07,O'Hara,57,Father Tolton,52
2012-12-07,Hermann,37,Fatima,68
2012-12-07,Houston,50,Fordland,41
2012-12-07,University City,53,Fox,40
2012-12-07,Ritenour,56,Francis Howell North,42
2012-12-07,St. Charles,79,Ft. Zumwalt East,33
2012-12-07,St. Charles West,41,Ft. Zumwalt South,54
2012-12-07,St. Dominic,48,Ft. Zumwalt West,34
2012-12-07,Niangua,64,Gainesville,68
2012-12-07,Bernie,78,Gideon,33
2012-12-07,Brashear,34,Green City,59
2012-12-07,SLUH,54,Hazelwood West,43
2012-12-07,Madison,45,Higbee,64
2012-12-07,Lindbergh,23,Hillsboro,42
2012-12-07,Oakville,52,Holt,46
2012-12-07,Montrose,75,Hume,23
2012-12-07,Vienna,50,Iberia,63
2012-12-07,Poplar Bluff,63,Jackson,55
2012-12-07,Hickman,76,Jefferson City,49
2012-12-07,St. Pius X (Kansas City),40,Kearney,34
2012-12-07,Stover,36,King City,61
2012-12-07,Lutheran North,48,Kirkwood,46
2012-12-07,Wentworth Military Academy,51,La Monte,58
2012-12-07,Platte County,32,Lafayette (St. Joseph),75
2012-12-07,Miller Career Academy,41,Lafayette (Wildwood),58
2012-12-07,Oak Grove,44,Lafayette County,58
2012-12-07,Seneca,53,Lamar,55
2012-12-07,West Platte,68,Lawson,40
2012-12-07,Willard,55,Lebanon,38
2012-12-07,Raymore-Peculiar,34,Lee's Summit West,62
2012-12-07,Bell City,41,Leopold,97
2012-12-07,Fort Osage,58,Liberty,60
2012-12-07,Licking,66,Liberty (Mountain View),73
2012-12-07,Neosho,34,Logan-Rogersville,67
2012-12-07,Orrick,34,Lone Jack,43
2012-12-07,Monroe City,45,Louisiana,57
2012-12-07,Weaubleau,55,Macks Creek,72
2012-12-07,La Plata,65,Macon County with Bucklin,55
2012-12-07,Lee's Summit,53,Maplewood-Richmond Hts.,62
2012-12-07,South Shelby,78,Marceline,48
2012-12-07,Webster Groves,44,Marquette,66
2012-12-07,Fulton,51,Marshall,48
2012-12-07,Marion C. Early,45,Miller,37
2012-12-07,Kirksville,37,Moberly,45
2012-12-07,Hurley,55,New Covenant Academy,84
2012-12-07,Montgomery County,45,New Haven,41
2012-12-07,Westran,35,Newburg,66
2012-12-07,Keytesville,34,Northeast (Cairo),95
2012-12-07,East (Kansas City),54,Northeast (Kansas City),47
2012-12-07,Vienna,41,Northeast Nodaway,28
2012-12-07,Otterville,48,Northwest (Hughesville),45
2012-12-07,Cameron,55,Oak Park,57
2012-12-07,Saxony Lutheran,51,Oak Ridge,63
2012-12-07,Seneca,63,Oran,88
2012-12-07,Central (Springfield),52,Ozark,61
2012-12-07,Liberty North,50,Park Hill South,40
2012-12-07,Ladue Horton Watkins,68,Parkway North,53
2012-12-07,St. Clair,55,Potosi,38
2012-12-07,Principia,40,Priory,37
2012-12-07,Advance,63,Puxico,45
2012-12-07,Barstow,60,Raytown,41
2012-12-07,Osage,83,Richland,100
2012-12-07,Nodaway-Holt,38,Rock Port,43
2012-12-07,Parkway South,52,Rockwood Summit,60
2012-12-07,Tipton,64,Sarcoxie,60
2012-12-07,Knox County,65,Schuyler County,38
2012-12-07,Milan,53,Senath-Hornersville,72
2012-12-07,Clarkton,58,Senath-Hornersville,60
2012-12-07,Charleston,61,Sikeston,71
2012-12-07,Bowling Green,66,South Pemiscot,61
2012-12-07,Warsaw,71,South Shelby,77
2012-12-07,Gateway,61,Soldan International Studies,65
2012-12-07,Mound City,59,St. James,23
2012-12-07,Cristo Rey,42,Southeast,62
2012-12-07,Northwestern (Mendon),32,Thayer,59
2012-12-07,McAuley Catholic,49,Tuscumbia,68
2012-12-07,Fair Play,67,Union,54
2012-12-07,Pleasant Hope,24,Springfield Catholic,77
2012-12-07,Lutheran St. Charles,46,St. Francis Borgia,60
2012-12-07,Salem,44,St. James,58
2012-12-07,Bishop DuBourg,46,Webster Groves,55
2012-12-07,Crane,49,Winona,59
2012-12-07,Golden City,36,Thomas Jefferson Independent Day,34
2012-12-07,St. Elizabeth,78,Trenton,58
2012-12-07,DeKalb,43,Union Star,29
2012-12-07,Pleasant Hill,64,University Academy Charter,49
2012-12-07,Ste. Genevieve,58,Valle Catholic,55
2012-12-07,John F. Kennedy,57,Valley Park,34
2012-12-07,Doniphan,88,Van Buren,73
2012-12-07,Camdenton,41,Versailles,37
2012-12-07,Veritas Christian Academy,41,Vianney,72
2012-12-07,Galena,47,Walnut Grove,61
2012-12-07,Nevada,43,Warrensburg,51
2012-12-07,Mt. Vernon,47,Webb City,58
2012-12-07,Van-Far,65,Wellsville-Middletown,47
2012-12-07,Salem,71,Westran,73
2012-12-07,Orchard Farm,46,Winfield,54
2012-12-07,Staley,50,Winnetonka,81
2012-12-07,Chaffee,65,Woodland,58
2012-12-07,Naylor,70,Zalma,46
2012-12-08,Hartville,69,Alton,60
2012-12-08,Norwood,37,Ava,50
2012-12-08,St. Charles,53,Blue Springs,69
2012-12-08,Rockhurst,57,Blue Springs South,75
2012-12-08,North Callaway,51,Boonville,62
2012-12-08,Northwest (Hughesville),42,Bunceton,34
2012-12-08,Chilhowee,67,Calhoun,51
2012-12-08,Northeast (Kansas City),39,Central (Kansas City),36
2012-12-08,Sweet Springs,74,Concordia,53
2012-12-08,Lindbergh,36,DeSoto,43
2012-12-08,Clopton,53,Elsberry,60
2012-12-08,Francis Howell Central,43,Festus,61
2012-12-08,Niangua,51,Fordland,67
2012-12-08,Houston,67,Gainesville,68
2012-12-08,Tri-County,34,Gilman City,50
2012-12-08,Otterville,58,Green Ridge,50
2012-12-08,Ridgeway,60,Grundy County,57
2012-12-08,Worth County,69,Hallsville,68
2012-12-08,Miller Career Academy,61,Hazelwood West,47
2012-12-08,Seckman,64,Hillsboro,66
2012-12-08,SLUH,51,Lafayette (Wildwood),44
2012-12-08,Oak Grove,44,Lafayette County,58
2012-12-08,Miami (Amoret),59,Lamar,53
2012-12-08,Webster Groves,71,Lee's Summit,60
2012-12-08,Lutheran (Kansas City),39,Leeton,53
2012-12-08,East (Kansas City),52,Lincoln College Prep,47
2012-12-08,Smithville,30,Mansfield,42
2012-12-08,Marquette,20,Maplewood-Richmond Hts.,42
2012-12-08,South Shelby,78,Marceline,48
2012-12-08,Windsor (Imperial),65,Northwest (Cedar Hill),49
2012-12-08,Richmond,55,Odessa,43
2012-12-08,West Plains,71,Ozark,55
2012-12-08,Marion County,62,Palmyra,81
2012-12-08,Willard,42,Pilot Grove,70
2012-12-08,Tuscumbia,62,Prairie Home,49
2012-12-08,Diamond,45,Seneca,59
2012-12-08,Barstow,57,South Nodaway,43
2012-12-08,Schuyler County,52,Southern Boone,53
2012-12-08,Marshfield,52,Winona,58
2012-12-08,Butler,58,Versailles,47
2012-12-08,Mt. Vernon,54,Waynesville,63
2012-12-08,St. Paul Lutheran (Concordia),51,Wellington-Napoleon,38
2012-12-10,McCluer South-Berkeley,51,Bayless,72
2012-12-10,Chamois,29,Blair Oaks,61
2012-12-10,Kingston,45,Bourbon,54
2012-12-10,Salem,61,Brunswick,41
2012-12-10,Sweet Springs,41,Campbell,71
2012-12-10,East Carter,72,Clarkton,79
2012-12-10,Lutheran South,72,Clayton,50
2012-12-10,Metro,48,Cleveland NJROTC,50
2012-12-10,Linn,56,Cuba,81
2012-12-10,Sarcoxie,36,Everton,79
2012-12-10,McAuley Catholic,0,Exeter,1
2012-12-10,Osceola,53,Fair Play,75
2012-12-10,Jamestown,40,Father Tolton,53
2012-12-10,Ft. Zumwalt East,46,Francis Howell Central,41
2012-12-10,North Harrison,52,Gilman City,29
2012-12-10,West County,75,Grandview (Hillsboro),40
2012-12-10,Sweet Springs,66,Green Ridge,58
2012-12-10,Maplewood-Richmond Hts.,67,Hancock,39
2012-12-10,Brentwood,31,John Burroughs,65
2012-12-10,Veritas Christian Academy,57,John F. Kennedy,36
2012-12-10,McDonald County,19,Joplin,55
2012-12-10,Weaubleau,63,Lakeland,68
2012-12-10,Drexel,78,Lone Jack,12
2012-12-10,Westminster Christian Academy,60,Lutheran North,53
2012-12-10,Bishop DuBourg,56,Lutheran St. Charles,63
2012-12-10,Willard,47,Macks Creek,58
2012-12-10,West Plains,43,Madison,81
2012-12-10,Stanberry,64,Marquand-Zion,54
2012-12-10,Gateway,53,McCluer North,66
2012-12-10,Bevier,26,Meadville,59
2012-12-10,Chilhowee,52,Miami (Amoret),30
2012-12-10,Waynesville,47,Miller Career Academy,60
2012-12-10,Northeast Vernon County,52,Montrose,63
2012-12-10,North Pemiscot,59,Naylor,70
2012-12-10,Sweet Springs,33,Neelyville,69
2012-12-10,Butler,45,Nevada,38
2012-12-10,North Nodaway,40,Nodaway-Holt,68
2012-12-10,Linn County,69,Northwestern (Mendon),41
2012-12-10,Macon County with Bucklin,57,Novinger,59
2012-12-10,Trinity Catholic,43,Pattonville,62
2012-12-10,Otterville,54,Prairie Home,49
2012-12-10,Crane,53,Reeds Spring,44
2012-12-10,Delta (Deering),62,Senath-Hornersville,59
2012-12-10,Adrian,40,South Nodaway,67
2012-12-10,Windsor,69,Smithton,67
2012-12-10,Tipton,41,Southern Boone,61
2012-12-10,North Andrew,51,Vienna,47
2012-12-10,New Heights Christian,23,Thomas Jefferson Independent Day,48
2012-12-10,Pembroke Hill,67,Versailles,57
2012-12-10,Elsberry,68,Van-Far,44
2012-12-10,Lutheran (Kansas City),44,West Platte,69
2012-12-10,Clearwater,62,Winona,50
2012-12-11,Scott County Central,78,Advance,79
2012-12-11,Liberty,52,Alton,63
2012-12-11,Liberty (Mountain View),52,Alton,63
2012-12-11,Kingston,50,Arcadia Valley,73
2012-12-11,Kingsville,16,Archie,38
2012-12-11,Norwood,48,Bakersfield,47
2012-12-11,Calhoun,60,Ballard,68
2012-12-11,Valley Park,47,Bayless,73
2012-12-11,Savannah,43,Benton,52
2012-12-11,Novinger,46,Bevier,67
2012-12-11,Greenwood,55,Billings,71
2012-12-11,Doniphan,50,Bloomfield,67
2012-12-11,Galena,33,Blue Eye,63
2012-12-11,Lee's Summit West,83,Blue Springs,77
2012-12-11,Dixon,65,Boonville,52
2012-12-11,Montgomery County,59,Bowling Green,45
2012-12-11,Osborn,44,Braymer,60
2012-12-11,Clearwater,89,Bunker,30
2012-12-11,Lutie,40,Cabool,76
2012-12-11,Osage,56,California,79
2012-12-11,Sweet Springs,43,Campbell,71
2012-12-11,Trenton,59,Carrollton,43
2012-12-11,Notre Dame (Cape Girardeau),60,Central (New Madrid County),57
2012-12-11,Carthage,77,Central (Springfield),58
2012-12-11,Macon,36,Chillicothe,35
2012-12-11,Center,71,Clinton,38
2012-12-11,North Callaway,47,Clopton,58
2012-12-11,Hancock,48,Crystal City,44
2012-12-11,St. Charles West,45,De Smet Jesuit,54
2012-12-11,Mid-Buchanan,60,DeKalb,46
2012-12-11,Naylor,67,Delta (Deering),60
2012-12-11,Jackson,55,Dexter,23
2012-12-11,Pierce City,40,Diamond,63
2012-12-11,Hogan Prep Academy Charter,62,East (Kansas City),52
2012-12-11,Gideon,68,East Carter,72
2012-12-11,Koshkonong,52,Ellington,70
2012-12-11,Van Buren,46,Eminence,70
2012-12-11,Hollister,51,Fair Grove,64
2012-12-11,New Bloomfield,36,Fatima,87
2012-12-11,Conway,43,Fordland,61
2012-12-11,Belton,52,Fort Osage,62
2012-12-11,Hillsboro,68,Fox,57
2012-12-11,Parkway Central,52,Francis Howell Central,39
2012-12-11,Eldon,60,Fulton,37
2012-12-11,Forsyth,53,Gainesville,65
2012-12-11,Grundy County,51,Gilman City,36
2012-12-11,Nixa,77,Glendale,43
2012-12-11,Dadeville,72,Golden City,58
2012-12-11,Atlanta,47,Green City,41
2012-12-11,Leopold,82,Greenville,38
2012-12-11,Eugene,85,Hallsville,65
2012-12-11,Chaminade College Prep,30,Hazelwood Central,66
2012-12-11,University City,51,Hazelwood East,82
2012-12-11,Central (Park Hills),69,Herculaneum,35
2012-12-11,Ozark,42,Hillcrest,61
2012-12-11,Westran,36,Houston,62
2012-12-11,Rich Hill,65,Hume,15
2012-12-11,Clever,50,Hurley,37
2012-12-11,Trinity Catholic,68,Jennings,76
2012-12-11,Malden,56,Kennett,74
2012-12-11,Branson,61,Kickapoo,70
2012-12-11,Stewartsville,29,King City,57
2012-12-11,Lafayette (Wildwood),29,Kirkwood,37
2012-12-11,Milan,17,Knox County,58
2012-12-11,Leeton,65,La Monte,33
2012-12-11,Odessa,24,Lafayette County,62
2012-12-11,Miller Career Academy,67,Lee's Summit,83
2012-12-11,Scott County Central,68,Lexington,51
2012-12-11,Park Hill,36,Liberty,54
2012-12-11,West Plains,56,Logan-Rogersville,61
2012-12-11,Wellington-Napoleon,57,Lutheran (Kansas City),32
2012-12-11,Glasgow,64,Madison,19
2012-12-11,Richland (Essex),82,Marquand-Zion,40
2012-12-11,Lindbergh,21,Marquette,38
2012-12-11,Plattsburg,53,Maysville,37
2012-12-11,Jasper,51,McAuley Catholic,45
2012-12-11,Waynesville,65,McCluer South-Berkeley,55
2012-12-11,Kirksville,42,Mexico,62
2012-12-11,Principia,53,MICDS,52
2012-12-11,Purdy,62,Miller,49
2012-12-11,Hannibal,49,Moberly,61
2012-12-11,Elsberry,57,Monroe City,40
2012-12-11,St. James,49,New Haven,41
2012-12-11,Raytown,73,North Kansas City,66
2012-12-11,Northeast Nodaway,65,North Nodaway,48
2012-12-11,St. Joseph Christian,48,North Platte,66
2012-12-11,New Franklin,55,Northeast (Cairo),74
2012-12-11,Rockwood Summit,69,Northwest (Cedar Hill),41
2012-12-11,Staley,43,Oak Park,55
2012-12-11,Bell City,41,Oak Ridge,72
2012-12-11,McCluer North,51,Oakville,59
2012-12-11,Savannah,61,O'Hara,79
2012-12-11,East Prairie,60,Oran,91
2012-12-11,Hazelwood West,46,Parkway South,55
2012-12-11,Ft. Zumwalt West,55,Parkway West,61
2012-12-11,Concordia,61,Pilot Grove,64
2012-12-11,Chadwick,29,Pleasant Hope,63
2012-12-11,DeSoto,49,Potosi,32
2012-12-11,Senath-Hornersville,60,Putnam County,72
2012-12-11,Grandview,51,Raymore-Peculiar,50
2012-12-11,Cassville,26,Republic,67
2012-12-11,Knob Noster,40,Richmond,56
2012-12-11,Francis Howell North,46,Ritenour,52
2012-12-11,Van-Far,44,Sarcoxie,55
2012-12-11,Rolla,73,Salem,52
2012-12-11,Marceline,37,Schuyler County,76
2012-12-11,Liberal,63,Sarcoxie,51
2012-12-11,North Pemiscot,59,Senath-Hornersville,67
2012-12-11,Holden,60,South Nodaway,63
2012-12-11,Paris,46,Salem,54
2012-12-11,Platte County,50,Sparta,63
2012-12-11,Maryville,62,St. Elizabeth,48
2012-12-11,Caruthersville,59,Summersville,74
2012-12-11,Harrisburg,40,Southern Boone,68
2012-12-11,Aurora,59,Tuscumbia,72
2012-12-11,Winfield,50,St. Charles,66
2012-12-11,Cardinal Ritter,49,St. Dominic,61
2012-12-11,Pleasant Hill,58,St. Pius X (Kansas City),59
2012-12-11,Crocker,51,Warsaw,37
2012-12-11,Greenfield,49,Wellsville-Middletown,44
2012-12-11,Warsaw,66,Willard,62
2012-12-11,Keytesville,16,Worth County,84
2012-12-11,Hermann,54,Webb City,55
2012-12-11,University Academy Charter,61,Summit Christian Academy,72
2012-12-11,Ft. Zumwalt North,77,Timberland,59
2012-12-11,Holt,39,Troy Buchanan,63
2012-12-11,Vienna,72,Tuscumbia,54
2012-12-11,Pacific,57,Tarkio,34
2012-12-11,Macks Creek,58,Walnut Grove,53
2012-12-11,Ft. Zumwalt East,33,Washington,36
2012-12-11,Bismarck,69,West County,59
2012-12-11,Fayette,58,Westran,35
2012-12-11,Bernie,77,Woodland,34
2012-12-11,North Andrew,75,Worth County,50
2012-12-11,Community,54,Wright City,22
2012-12-12,John F. Kennedy,60,Affton,62
2012-12-12,St. Francis Borgia,65,Bishop DuBourg,31
2012-12-12,Savannah,38,Excelsior Springs,28
2012-12-12,Wentworth Military Academy,50,Kingsville,40
2012-12-12,Northeast Nodaway,46,Nodaway-Holt,49
2012-12-12,University City,53,Normandy Collaborative,49
2012-12-12,Ridgeway,49,North Harrison,28
2012-12-12,Roosevelt,37,Oakville,56
2012-12-12,Francis Howell,61,Pattonville,73
2012-12-12,Perryville,72,Sikeston,25
2012-12-12,Cleveland NJROTC,47,Webster Groves,61
2012-12-12,Windsor (Imperial),89,Valley Park,47
2012-12-13,Reeds Spring,38,Blue Eye,43
2012-12-13,New Bloomfield,33,Boonville,63
2012-12-13,Maysville,48,Braymer,61
2012-12-13,Tri-County,47,Cainsville,38
2012-12-13,North Pemiscot,60,Campbell,49
2012-12-13,Linn,50,Chamois,38
2012-12-13,Nevada,58,Clinton,42
2012-12-13,Construction Careers Charter,0,College Preparatory,2
2012-12-13,Monroe City,33,Community,52
2012-12-13,Alton,62,Couch,41
2012-12-13,Wellsville-Middletown,55,El Dorado Springs,45
2012-12-13,Lift for Life Academy Charter,43,Elsberry,42
2012-12-13,Holt,47,Fox,57
2012-12-13,Lindbergh,36,Francis Howell North,35
2012-12-13,Westran,23,Glasgow,54
2012-12-13,Zalma,55,Greenville,48
2012-12-13,Fair Play,76,Halfway,57
2012-12-13,Richmond,63,Holden,47
2012-12-13,Clayton,59,John Burroughs,60
2012-12-13,Brunswick,42,Keytesville,37
2012-12-13,Westminster Christian Academy,54,Ladue Horton Watkins,67
2012-12-13,Cameron,67,Lathrop,41
2012-12-13,Eminence,79,Lesterville,25
2012-12-13,Winona,66,Liberty (Mountain View),53
2012-12-13,Warsaw,27,Licking,66
2012-12-13,Brentwood,65,Metro,28
2012-12-13,Orrick,40,Midway,76
2012-12-13,Green City,53,Milan,60
2012-12-13,Chillicothe,42,Moberly,68
2012-12-13,St. Joseph Christian,58,Mound City,51
2012-12-13,Neelyville,68,Naylor,62
2012-12-13,Niangua,56,New Covenant Academy,67
2012-12-13,Priory,36,North Technical,54
2012-12-13,Ballard,57,Northeast Vernon County,33
2012-12-13,La Plata,57,Novinger,45
2012-12-13,Sparta,35,Oak Grove,56
2012-12-13,Principia,44,Orchard Farm,53
2012-12-13,Blue Springs South,65,Park Hill,47
2012-12-13,St. Charles West,44,Parkway Central,40
2012-12-13,Macon,56,Putnam County,72
2012-12-13,Central (Springfield),42,Rolla,59
2012-12-13,Soldan International Studies,72,Roosevelt,35
2012-12-13,Carrollton,37,Scott County Central,39
2012-12-13,Sweet Springs,46,Senath-Hornersville,98
2012-12-13,Lutheran St. Charles,73,South Pemiscot,48
2012-12-13,Fayette,67,Smithton,49
2012-12-13,Mt. Vernon,74,Tuscumbia,44
2012-12-13,Bradleyville,49,Union,63
2012-12-13,Webster Groves,53,St. Charles,61
2012-12-13,Leopold,68,St. Vincent,34
2012-12-13,Koshkonong,43,Wright City,78
2012-12-13,South Callaway,40,Thomas Jefferson Independent Day,33
2012-12-13,McCluer South-Berkeley,44,University City,69
2012-12-13,Windsor,89,Valley Park,50
2012-12-13,West Plains,63,Waynesville,89
2012-12-13,Cardinal Ritter,62,Veritas Christian Academy,68
2012-12-13,Miller,55,Verona,42
2012-12-13,Sarcoxie,49,Versailles,45
2012-12-13,Timberland,70,Warrenton,44
2012-12-13,Hazelwood West,44,Waynesville,62
2012-12-13,Bunker,32,Winona,67
2012-12-14,Willow Springs,32,Alton,62
2012-12-14,Affton,37,Bayless,58
2012-12-14,Bernie,87,Bell City,32
2012-12-14,Platte County,65,Benton,53
2012-12-14,Scott County Central,111,Billings,96
2012-12-14,Cuba,91,Blair Oaks,83
2012-12-14,Raytown,55,Blue Springs,71
2012-12-14,Lebanon,42,Bolivar,61
2012-12-14,Helias Catholic,54,Branson,79
2012-12-14,Stanberry,79,Bunker,44
2012-12-14,Archie,22,Butler,51
2012-12-14,The Fulton School,51,Calvary Lutheran,49
2012-12-14,Osage,45,Camdenton,64
2012-12-14,Carthage,64,Cassville,41
2012-12-14,Hogan Prep Academy Charter,71,Central (Kansas City),58
2012-12-14,Crane,74,Chadwick,27
2012-12-14,Marquand-Zion,30,Chaffee,79
2012-12-14,Vianney,53,Chaminade College Prep,60
2012-12-14,St. Elizabeth,52,Chillicothe,60
2012-12-14,Risco,77,Clarkton,44
2012-12-14,Scott County Central,48,Clever,75
2012-12-14,Tipton,48,Cole Camp,61
2012-12-14,Van-Far,27,Community,40
2012-12-14,Holden,58,Concordia,47
2012-12-14,Gainesville,59,Couch,44
2012-12-14,Lexington,45,Crest Ridge,51
2012-12-14,Licking,65,Crocker,55
2012-12-14,Polo,42,DeKalb,44
2012-12-14,Richland (Essex),40,Dexter,73
2012-12-14,Fatima,61,Dixon,37
2012-12-14,Central (New Madrid County),61,Doniphan,40
2012-12-14,Cabool,54,Dora,64
2012-12-14,Buffalo,77,El Dorado Springs,38
2012-12-14,Father Tolton,41,Eldon,64
2012-12-14,Van Buren,83,Ellington,47
2012-12-14,Priory,48,Elsberry,45
2012-12-14,Van-Far,31,Eugene,72
2012-12-14,Galena,37,Everton,83
2012-12-14,Hurley,84,Exeter,70
2012-12-14,Central (Cape Girardeau),60,Farmington,63
2012-12-14,Francis Howell Central,88,Francis Howell,79
2012-12-14,Marquette,59,Ft. Zumwalt North,46
2012-12-14,University City,55,Ft. Zumwalt West,60
2012-12-14,Kirksville,60,Fulton,42
2012-12-14,Miller Career Academy,71,Gateway,43
2012-12-14,Central (Springfield),52,Glendale,60
2012-12-14,Lafayette County,64,Grain Valley,43
2012-12-14,St. Pius X (Festus),45,Hancock,33
2012-12-14,Mexico,59,Hannibal,48
2012-12-14,Laquey,41,Hartville,93
2012-12-14,Festus,73,Herculaneum,59
2012-12-14,St. Clair,84,Hermann,72
2012-12-14,Jamestown,54,Higbee,43
2012-12-14,Putnam County,40,Highland,73
2012-12-14,Maplewood-Richmond Hts.,59,Jefferson City,45
2012-12-14,Webb City,65,Joplin,37
2012-12-14,Northeast (Cairo),92,Keytesville,19
2012-12-14,Union Star,38,King City,45
2012-12-14,Bismarck,53,Kingston,23
2012-12-14,Troy Buchanan,51,Kirkwood,48
2012-12-14,Senath-Hornersville,43,Knox County,63
2012-12-14,Northwest (Hughesville),49,La Monte,22
2012-12-14,Kingsville,26,Lakeland,67
2012-12-14,Sarcoxie,38,Lamar,56
2012-12-14,Penney,29,Lathrop,63
2012-12-14,Mid-Buchanan,39,Lawson,48
2012-12-14,Puxico,65,Lesterville,26
2012-12-14,Greenfield,46,Liberal,47
2012-12-14,St. Mary's (Independence),71,Lone Jack,37
2012-12-14,Lutheran South,55,Lutheran North,70
2012-12-14,Orchard Farm,48,Lutheran St. Charles,65
2012-12-14,Calhoun,94,Malta Bend,32
2012-12-14,Spokane,56,Marion C. Early,39
2012-12-14,Bowling Green,60,Mark Twain,62
2012-12-14,Willard,54,Marshfield,41
2012-12-14,Pierce City,60,McAuley Catholic,47
2012-12-14,Jennings,58,McCluer North,73
2012-12-14,Ridgeway,47,Mercer,57
2012-12-14,Winfield,61,Monroe City,39
2012-12-14,Wright City,31,Montgomery County,59
2012-12-14,Appleton City,58,Montrose,46
2012-12-14,North Andrew,51,Mound City,46
2012-12-14,Fordland,50,Mountain Grove,29
2012-12-14,Neelyville,68,Naylor,62
2012-12-14,Summit Christian Academy,74,New Covenant Academy,73
2012-12-14,Diamond,67,New Heights Christian,34
2012-12-14,Hazelwood East,53,Normandy Collaborative,56
2012-12-14,Wellsville-Middletown,31,North Callaway,65
2012-12-14,Oak Park,51,North Kansas City,66
2012-12-14,Lift for Life Academy Charter,39,North Technical,57
2012-12-14,Stover,36,Northeast Nodaway,26
2012-12-14,East Prairie,50,Oak Ridge,77
2012-12-14,Warrensburg,45,O'Hara,58
2012-12-14,St. James,36,Osborn,63
2012-12-14,Midway,40,Osceola,79
2012-12-14,Bunceton,37,Otterville,46
2012-12-14,Webb City,56,Owensville,31
2012-12-14,Kickapoo,64,Ozark,71
2012-12-14,New Haven,22,Pacific,60
2012-12-14,Schuyler County,75,Paris,25
2012-12-14,Lee's Summit,60,Park Hill South,75
2012-12-14,Neosho,15,Parkview,58
2012-12-14,Veritas Christian Academy,59,Parkway West,50
2012-12-14,Lincoln College Prep,53,Pembroke Hill,48
2012-12-14,Sweet Springs,41,Pilot Grove,36
2012-12-14,Houston,40,Plato,50
2012-12-14,Oak Grove,55,Richmond,62
2012-12-14,Potosi,37,Salem,60
2012-12-14,Advance,63,Seneca,56
2012-12-14,Notre Dame (Cape Girardeau),39,Sikeston,59
2012-12-14,Principia,81,South Pemiscot,46
2012-12-14,De Smet Jesuit,68,SLUH,58
2012-12-14,Harrisburg,57,Slater,59
2012-12-14,Malden,74,Summersville,70
2012-12-14,Frontier School of Excellence Charter,11,Southeast,49
2012-12-14,Duchesne,68,St. Francis Borgia,44
2012-12-14,Tarkio,28,St. James,53
2012-12-14,Belton,67,Staley,43
2012-12-14,Rock Port,43,Vienna,50
2012-12-14,Richland,61,Westran,54
2012-12-14,Gallatin,69,Trenton,58
2012-12-14,Kearney,42,St. Charles,67
2012-12-14,Iberia,64,Tuscumbia,34
2012-12-14,Arcadia Valley,58,Valle Catholic,61
2012-12-14,West County,49,Valley,14
2012-12-14,St. Pius X (Kansas City),48,Versailles,34
2012-12-14,Golden City,35,Verona,41
2012-12-14,Climax Springs,55,Weaubleau,72
2012-12-14,Ritenour,55,Whitfield,61
2012-12-14,Willard,63,Windsor,61
2012-12-14,Mehlville,62,Windsor (Imperial),38
2012-12-14,Central (St. Joseph),69,Winnetonka,63
2012-12-15,Dixon,66,Blair Oaks,75
2012-12-15,Glendale,49,Blue Springs South,70
2012-12-15,Linn,58,Boonville,52
2012-12-15,Forsyth,51,Brentwood,70
2012-12-15,Iberia,51,California,50
2012-12-15,Climax Springs,55,Calvary Lutheran,44
2012-12-15,East (Kansas City),62,Central (Kansas City),48
2012-12-15,Scott County Central,48,Clever,75
2012-12-15,Summit Christian Academy,57,Clever,70
2012-12-15,Warsaw,45,Cole Camp,71
2012-12-15,Fatima,77,Cuba,63
2012-12-15,South Pemiscot,50,Elsberry,34
2012-12-15,Ft. Zumwalt South,44,Eureka,52
2012-12-15,Parkway South,59,Francis Howell,50
2012-12-15,Rockwood Summit,63,Francis Howell Central,40
2012-12-15,Riverview Gardens,62,Ft. Zumwalt North,79
2012-12-15,Koshkonong,23,Greenwood,57
2012-12-15,Canton,70,Hannibal,61
2012-12-15,Festus,73,Herculaneum,59
2012-12-15,Winona,61,Jackson,77
2012-12-15,Veritas Christian Academy,43,John Burroughs,56
2012-12-15,Macon,38,Kirksville,71
2012-12-15,Washington,59,Lafayette (Wildwood),43
2012-12-15,Perryville,52,Meadow Heights,37
2012-12-15,Timberland,52,Mehlville,43
2012-12-15,Trinity Catholic,49,Mt. Vernon,91
2012-12-15,Lutheran St. Charles,60,North Technical,63
2012-12-15,Southeast,48,Northeast (Kansas City),75
2012-12-15,Warrenton,56,Northwest (Cedar Hill),59
2012-12-15,St. Dominic,40,Oakville,42
2012-12-15,Lift for Life Academy Charter,44,Orchard Farm,54
2012-12-15,Winfield,57,Parkway North,59
2012-12-15,Priory,51,Principia,57
2012-12-15,Van Buren,70,Senath-Hornersville,62
2012-12-15,Billings,96,Scott County Central,111
2012-12-15,Ft. Zumwalt East,54,Seckman,44
2012-12-15,Smithton,62,Salem,67
2012-12-15,Marshall,58,Savannah,61
2012-12-15,McCluer North,63,Waynesville,62
2012-12-15,Liberty (Mountain View),26,West Plains,48
2012-12-17,Weaubleau,39,Appleton City,35
2012-12-17,Fulton,42,Boonville,54
2012-12-17,Niangua,45,Bradleyville,35
2012-12-17,Golden City,83,Bronaugh,67
2012-12-17,Drexel,59,Center,68
2012-12-17,Kirksville,48,Clark County,57
2012-12-17,Bolivar,57,Clinton,40
2012-12-17,Winona,79,Conway,62
2012-12-17,Cole Camp,74,Crest Ridge,54
2012-12-17,Greenville,38,Doniphan,73
2012-12-17,Adrian,59,El Dorado Springs,45
2012-12-17,Bunker,72,Ellington,83
2012-12-17,Richmond,64,Excelsior Springs,44
2012-12-17,Galena,44,Exeter,36
2012-12-17,Hallsville,76,Fayette,44
2012-12-17,East Buchanan,52,Gallatin,64
2012-12-17,Grundy County,64,Hale,46
2012-12-17,Butler,45,Harrisonville,51
2012-12-17,Chaminade College Prep,45,Hazelwood East,58
2012-12-17,Knox County,43,Highland,55
2012-12-17,Alton,66,Houston,58
2012-12-17,Lafayette County,50,Knob Noster,45
2012-12-17,Gainesville,74,Koshkonong,19
2012-12-17,Chillicothe,50,Lawson,60
2012-12-17,New Covenant Academy,58,Lutie,53
2012-12-17,Madison,75,McCluer South-Berkeley,38
2012-12-17,Centralia,45,Mexico,75
2012-12-17,Seneca,53,Miami (Amoret),48
2012-12-17,Prairie Home,65,Missouri School for the Deaf,36
2012-12-17,North Andrew,48,North Nodaway,18
2012-12-17,Atlanta,45,Northeast (Cairo),74
2012-12-17,Union Star,32,Northeast Nodaway,39
2012-12-17,Warsaw,43,Owensville,47
2012-12-17,South Shelby,63,Paris,27
2012-12-17,Otterville,33,Pilot Grove,54
2012-12-17,South Nodaway,76,Platte County,64
2012-12-17,St. James,70,Potosi,55
2012-12-17,Naylor,57,Puxico,65
2012-12-17,Ballard,36,Rich Hill,68
2012-12-17,Newtown-Harris,64,Ridgeway,69
2012-12-17,Slater,69,Sarcoxie,86
2012-12-17,Glasgow,40,Schuyler County,45
2012-12-17,McAuley Catholic,61,Sarcoxie,39
2012-12-17,Scott County Central,57,Salem,40
2012-12-17,Bishop DuBourg,20,SLUH,62
2012-12-17,Rock Port,56,St. James,21
2012-12-17,Miller,54,Springfield Catholic,64
2012-12-17,St. Francis Borgia,53,St. Charles West,52
2012-12-17,Stover,28,Vienna,39
2012-12-17,Riverview Gardens,55,University City,57
2012-12-17,West County,58,Valle Catholic,67
2012-12-17,Elsberry,68,Wellsville-Middletown,41
2012-12-18,Hume,14,Archie,30
2012-12-18,West Plains,77,Ava,67
2012-12-18,Dora,56,Bakersfield,43
2012-12-18,Chaffee,73,Bell City,59
2012-12-18,Park Hill South,63,Belton,54
2012-12-18,St. Clair,61,Bernie,63
2012-12-18,Bayless,56,Bishop DuBourg,42
2012-12-18,Greenville,26,Bismarck,78
2012-12-18,Fordland,64,Blue Eye,46
2012-12-18,Central (Springfield),59,Bolivar,68
2012-12-18,Moberly,57,Boonville,39
2012-12-18,Northwestern (Mendon),97,Bosworth,15
2012-12-18,Hartville,72,Buffalo,63
2012-12-18,Drexel,38,Butler,34
2012-12-18,Marshfield,66,Camdenton,63
2012-12-18,Lexington,47,Carrollton,55
2012-12-18,Fair Grove,50,Cassville,51
2012-12-18,South Nodaway,56,Center,80
2012-12-18,Malden,47,Central (New Madrid County),84
2012-12-18,Liberty,57,Central (St. Joseph),48
2012-12-18,Hurley,73,Chadwick,40
2012-12-18,Notre Dame (Cape Girardeau),44,Charleston,74
2012-12-18,Pleasant Hill,74,Clinton,58
2012-12-18,Community,60,Clopton,50
2012-12-18,Smithton,51,Concordia,67
2012-12-18,Purdy,49,Crane,65
2012-12-18,Hancock,39,Crossroads College Preparatory,45
2012-12-18,John F. Kennedy,52,Crossroads College Preparatory,70
2012-12-18,West County,48,Crystal City,62
2012-12-18,Tuscumbia,58,Diamond,69
2012-12-18,Westran,51,Dixon,80
2012-12-18,McDonald County,40,East Newton,35
2012-12-18,Iberia,58,Eugene,69
2012-12-18,Humansville,56,Everton,68
2012-12-18,Grain Valley,37,Fort Osage,58
2012-12-18,Warrenton,49,Fox,72
2012-12-18,Ft. Zumwalt South,59,Francis Howell Central,41
2012-12-18,Ft. Zumwalt East,64,Francis Howell North,56
2012-12-18,Ft. Zumwalt West,52,Ft. Zumwalt North,50
2012-12-18,Mountain Grove,41,Gainesville,75
2012-12-18,Carnahan,62,Gateway,63
2012-12-18,Lesterville,43,Grandview (Hillsboro),54
2012-12-18,Walnut Grove,24,Greenwood,41
2012-12-18,Newtown-Harris,71,Grundy County,58
2012-12-18,Worth County,66,Harrisburg,59
2012-12-18,Platte County,41,Harrisonville,60
2012-12-18,Normandy Collaborative,71,Hazelwood West,38
2012-12-18,Savannah,44,Helias Catholic,47
2012-12-18,Blair Oaks,67,Hermann,57
2012-12-18,Willard,44,Hillcrest,57
2012-12-18,Odessa,50,Holden,27
2012-12-18,Greenfield,76,Jasper,69
2012-12-18,St. Vincent,65,Jefferson (Festus),37
2012-12-18,Lutheran North,69,Jennings,71
2012-12-18,Maryville,47,Lafayette (St. Joseph),56
2012-12-18,Willard,47,Leeton,59
2012-12-18,Meadow Heights,34,Leopold,80
2012-12-18,Laquey,41,Licking,74
2012-12-18,Meadville,55,Linn County,29
2012-12-18,Trenton,40,Marceline,52
2012-12-18,Fair Play,68,Marion C. Early,45
2012-12-18,Paris,41,Mark Twain,52
2012-12-18,Warrensburg,57,Marshall,50
2012-12-18,North Platte,60,Maysville,65
2012-12-18,University Academy Charter,53,Mid-Buchanan,45
2012-12-18,Lone Jack,50,Midway,38
2012-12-18,Putnam County,82,Milan,42
2012-12-18,Aurora,67,Neosho,32
2012-12-18,Brunswick,36,New Franklin,65
2012-12-18,New Bloomfield,32,New Haven,52
2012-12-18,Kickapoo,51,Nixa,67
2012-12-18,Nodaway-Holt,35,North Andrew,45
2012-12-18,South Pemiscot,59,North Callaway,60
2012-12-18,Park Hill,59,North Kansas City,37
2012-12-18,Winnetonka,55,Oak Park,50
2012-12-18,Scott County Central,55,Oak Ridge,59
2012-12-18,Woodland,42,Oran,89
2012-12-18,Plattsburg,71,Orrick,44
2012-12-18,Crocker,59,Osage,56
2012-12-18,St. Joseph Christian,50,Osborn,37
2012-12-18,Ozark,50,Parkview,51
2012-12-18,Spokane,53,Pleasant Hope,31
2012-12-18,Polo,75,Princeton,57
2012-12-18,Kelly,63,Puxico,68
2012-12-18,Kearney,56,Raymore-Peculiar,50
2012-12-18,Staley,47,Raytown,62
2012-12-18,Blue Springs South,67,Rock Bridge,63
2012-12-18,Lee's Summit North,77,Ruskin,69
2012-12-18,Clever,60,Sarcoxie,44
2012-12-18,Penney,29,Savannah,41
2012-12-18,Schuyler County,61,Senath-Hornersville,56
2012-12-18,Perryville,50,Seneca,54
2012-12-18,Hayti,72,Senath-Hornersville,42
2012-12-18,Liberty North,61,Sparta,63
2012-12-18,East Buchanan,60,St. Elizabeth,51
2012-12-18,Clearwater,32,Stanberry,36
2012-12-18,Hogan Prep Academy Charter,57,Southeast,32
2012-12-18,Galena,67,Union,70
2012-12-18,Ash Grove,61,Springfield Catholic,53
2012-12-18,Richland,64,Van-Far,53
2012-12-18,Lamar,64,Wellsville-Middletown,29
2012-12-18,Festus,32,Webb City,46
2012-12-18,Alton,59,Thayer,47
2012-12-18,Blue Springs,73,St. Charles,81
2012-12-18,St. Pius X (Festus),60,Valle Catholic,57
2012-12-18,Neelyville,53,Van Buren,68
2012-12-18,Montgomery County,51,Van-Far,45
2012-12-18,Jackson,37,Vianney,51
2012-12-18,Cuba,72,Vienna,65
2012-12-18,Pacific,40,Washington,51
2012-12-18,Carl Junction,41,Webb City,66
2012-12-18,Norwood,48,Willow Springs,45
2012-12-18,Bowling Green,73,Wright City,29
2012-12-19,Excelsior Springs,58,Belton,50
2012-12-19,Harrisonville,53,Center,65
2012-12-19,Van-Far,42,Community,53
2012-12-19,South Nodaway,44,Drexel,63
2012-12-19,Chaminade College Prep,45,Hazelwood East,58
2012-12-19,Crest Ridge,53,Holden,77
2012-12-19,Ridgeway,65,Macon County with Bucklin,51
2012-12-19,Carnahan,56,Maplewood-Richmond Hts.,68
2012-12-19,Riverview Gardens,78,McCluer South-Berkeley,53
2012-12-19,Butler,57,Platte County,35
2012-12-19,Webster Groves,53,Priory,41
2012-12-19,Pilot Grove,82,Salem,54
2012-12-19,Festus,32,Webb City,46
2012-12-19,Schuyler County,79,Wellsville-Middletown,23
2012-12-20,Smithville,43,Ava,56
2012-12-20,Leopold,66,Bloomfield,46
2012-12-20,Ruskin,57,Blue Springs South,69
2012-12-20,Lutie,60,Bradleyville,51
2012-12-20,Hartville,75,Cabool,55
2012-12-20,Naylor,51,Campbell,61
2012-12-20,Parkview,56,Carthage,52
2012-12-20,Ballard,40,Chilhowee,54
2012-12-20,Westran,55,Climax Springs,33
2012-12-20,Lift for Life Academy Charter,24,College Preparatory,69
2012-12-20,Sweet Springs,50,Fayette,47
2012-12-20,Logan-Rogersville,51,Glendale,52
2012-12-20,Marion C. Early,53,Greenfield,41
2012-12-20,Purdy,53,Greenwood,43
2012-12-20,Macks Creek,61,Humansville,58
2012-12-20,Pleasant Hope,38,Hurley,75
2012-12-20,Webster Groves,50,Jackson,46
2012-12-20,Clinton,26,Knob Noster,65
2012-12-20,Green Ridge,65,Lakeland,71
2012-12-20,Dixon,70,Laquey,50
2012-12-20,Sparta,67,Lawson,37
2012-12-20,Diamond,72,Lockwood,28
2012-12-20,Veritas Christian Academy,67,Lutheran St. Charles,64
2012-12-20,Caruthersville,73,Malden,67
2012-12-20,Springfield Catholic,44,Marshfield,78
2012-12-20,New Heights Christian,42,McAuley Catholic,60
2012-12-20,Adrian,51,Miami (Amoret),32
2012-12-20,Exeter,25,Mt. Vernon,72
2012-12-20,Monett,27,Nevada,60
2012-12-20,Hillcrest,58,Nixa,63
2012-12-20,Worth County,46,Northeast Nodaway,59
2012-12-20,Bronaugh,73,Northeast Vernon County,45
2012-12-20,Cole Camp,63,Osage,41
2012-12-20,Wellsville-Middletown,79,Pierce City,77
2012-12-20,Brookfield,47,Putnam County,82
2012-12-20,Reeds Spring,28,Republic,43
2012-12-20,Licking,62,Salem,58
2012-12-20,Miller Career Academy,63,Soldan International Studies,54
2012-12-20,Van Buren,72,Wright City,50
2012-12-20,Roosevelt,55,Waynesville,74
2012-12-20,Warsaw,37,Viburnum,52
2012-12-20,Rolla,57,Waynesville,50
2012-12-20,Winona,50,Willow Springs,41
2012-12-21,Gilman City,43,Brashear,48
2012-12-21,Grain Valley,59,California,60
2012-12-21,Walnut Grove,58,Chadwick,22
2012-12-21,Cooter,23,Clarkton,64
2012-12-21,Cassville,54,Crane,71
2012-12-21,Lutie,29,Dora,62
2012-12-21,Seckman,48,Fox,41
2012-12-21,St. Charles West,49,Francis Howell North,26
2012-12-21,Troy Buchanan,54,Ft. Zumwalt South,63
2012-12-21,Verona,72,Halfway,39
2012-12-21,Adrian,62,Hume,26
2012-12-21,Pleasant Hope,38,Hurley,75
2012-12-21,Excelsior Springs,60,Kirksville,50
2012-12-21,Lee's Summit,40,Lee's Summit West,68
2012-12-21,Lafayette County,70,Lexington,35
2012-12-21,Normandy Collaborative,54,Maplewood-Richmond Hts.,48
2012-12-21,Palmyra,66,Marion County,61
2012-12-21,Kirkwood,31,Marquette,44
2012-12-21,Richmond,42,Maryville,53
2012-12-21,Helias Catholic,40,Moberly,35
2012-12-21,Pilot Grove,63,New Franklin,58
2012-12-21,Exeter,43,Niangua,61
2012-12-21,Kennett,49,Notre Dame (Cape Girardeau),63
2012-12-21,Parkway North,69,Parkway West,56
2012-12-21,Rockhurst,78,Raytown South,63
2012-12-21,New Haven,53,South Pemiscot,49
2012-12-21,Naylor,47,Summersville,67
2012-12-21,Forsyth,57,Spokane,66
2012-12-21,North Kansas City,57,Staley,38
2012-12-21,Holt,64,Timberland,56
2012-12-21,Lathrop,41,Trenton,63
2012-12-21,Newburg,82,Vienna,87
2012-12-21,Kickapoo,74,West Plains,64
2012-12-21,Carl Junction,37,Willard,49
2012-12-22,Duchesne,71,Brentwood,43
2012-12-22,New Bloomfield,27,Chamois,51
2012-12-22,St. Charles,71,Clayton,64
2012-12-22,Christian Brothers College,78,De Smet Jesuit,62
2012-12-22,Owensville,43,DeSoto,83
2012-12-22,Ladue Horton Watkins,59,Francis Howell,39
2012-12-22,Parkway South,60,Francis Howell,50
2012-12-22,Norborne,45,Green City,46
2012-12-22,California,53,Hermann,56
2012-12-22,Pacific,65,Jefferson City,68
2012-12-22,Maryville,50,Kirksville,51
2012-12-22,Washington,59,Lindbergh,18
2012-12-22,Westminster Christian Academy,47,MICDS,45
2012-12-22,Webster Groves,22,Miller Career Academy,50
2012-12-22,North Nodaway,19,Newtown-Harris,57
2012-12-22,Whitfield,43,Parkway Central,57
2012-12-22,Lutheran North,55,Parkway South,53
2012-12-22,St. Clair,41,Poplar Bluff,61
2012-12-22,Scott County Central,57,Putnam County,59
2012-12-22,Trinity Catholic,45,SLUH,69
2012-12-22,Fatima,65,Southern Boone,63
2012-12-22,Rockwood Summit,71,Webb City,56
2012-12-22,St. Mary's (Independence),42,Versailles,45
2012-12-24,Oak Ridge,72,Delta,35
2012-12-26,Republic,64,Aurora,25
2012-12-26,Nixa,83,Ava,23
2012-12-26,Notre Dame (Cape Girardeau),98,Bell City,14
2012-12-26,Milan,38,Bevier,68
2012-12-26,Mansfield,46,Bolivar,56
2012-12-26,Willow Springs,23,Branson,76
2012-12-26,Glendale,61,Buffalo,51
2012-12-26,Wright City,38,Cabool,64
2012-12-26,Ozark,61,Camdenton,54
2012-12-26,Lafayette (St. Joseph),78,Carthage,62
2012-12-26,Meadow Heights,22,Central (Cape Girardeau),82
2012-12-26,Lee's Summit West,82,Central (Kansas City),42
2012-12-26,Blue Springs South,64,Central (St. Joseph),56
2012-12-26,John Burroughs,53,Chaminade College Prep,48
2012-12-26,Miller,45,Crane,65
2012-12-26,Plato,44,Dora,58
2012-12-26,Lutheran North,62,Duchesne,70
2012-12-26,Hollister,54,East Newton,42
2012-12-26,Bernie,71,East Prairie,34
2012-12-26,Mt. Vernon,67,Fair Grove,53
2012-12-26,Arcadia Valley,53,Farmington,71
2012-12-26,Seckman,47,Fox,49
2012-12-26,Rockwood Summit,63,Francis Howell North,52
2012-12-26,Ft. Zumwalt West,35,Ft. Zumwalt South,60
2012-12-26,Smithville,41,Gainesville,47
2012-12-26,Pattonville,57,Gateway,46
2012-12-26,Pleasant Hill,62,Grandview,52
2012-12-26,North Harrison,55,Green City,35
2012-12-26,St. Pius X (Kansas City),63,Harrisonville,60
2012-12-26,Spokane,64,Hartville,70
2012-12-26,Herculaneum,41,Hillsboro,66
2012-12-26,Van Buren,42,Holcomb,65
2012-12-26,St. Dominic,43,Holt,30
2012-12-26,Winona,59,Houston,44
2012-12-26,Greenville,47,Kingston,44
2012-12-26,St. Charles,38,Ladue Horton Watkins,54
2012-12-26,Webster Groves,40,Lafayette (Wildwood),38
2012-12-26,Winona,59,Lebanon,46
2012-12-26,Raytown,42,Liberty,60
2012-12-26,Union,37,Licking,56
2012-12-26,Conway,40,Logan-Rogersville,70
2012-12-26,Liberty (Mountain View),69,Lutie,37
2012-12-26,Vianney,49,Marquette,52
2012-12-26,Mountain Grove,32,Marshfield,72
2012-12-26,Washington,41,McCluer,38
2012-12-26,Waynesville,65,McCluer South-Berkeley,50
2012-12-26,Ruskin,60,McDonald County,42
2012-12-26,Mercer,45,Meadville,69
2012-12-26,Windsor (Imperial),34,Mehlville,41
2012-12-26,Whitfield,37,MICDS,49
2012-12-26,SLUH,50,Miller Career Academy,45
2012-12-26,Roosevelt,21,Normandy Collaborative,56
2012-12-26,Lutheran South,65,Northwest (Cedar Hill),53
2012-12-26,Thayer,54,Norwood,39
2012-12-26,Polo,66,Novinger,31
2012-12-26,Fort Osage,60,O'Hara,49
2012-12-26,Rockhurst,68,Park Hill,44
2012-12-26,South Shelby,22,Parkview,51
2012-12-26,Westminster Christian Academy,66,Parkway Central,54
2012-12-26,Whitfield,43,Parkway Central,57
2012-12-26,Timberland,57,Parkway North,54
2012-12-26,Summersville,74,Puxico,60
2012-12-26,College Preparatory,63,Raytown South,43
2012-12-26,Clever,54,Reeds Spring,56
2012-12-26,Woodland,41,Scott County Central,76
2012-12-26,Lutheran St. Charles,53,Sikeston,71
2012-12-26,Wheaton,44,Tuscumbia,45
2012-12-26,West County,64,Ste. Genevieve,59
2012-12-26,Kearney,41,St. Charles,58
2012-12-26,Christian Brothers College,79,University City,61
2012-12-26,Valle Catholic,64,Valley,21
2012-12-26,St. Pius X (Festus),77,Viburnum,35
2012-12-26,Marion C. Early,22,West Plains,65
2012-12-26,Greenwood,34,Willard,58
2012-12-26,Liberty North,62,William Chrisman,58
2012-12-27,Chaffee,45,Advance,66
2012-12-27,Lift for Life Academy Charter,70,Affton,74
2012-12-27,Viburnum,51,Arcadia Valley,57
2012-12-27,Niangua,33,Ash Grove,53
2012-12-27,Spokane,64,Aurora,53
2012-12-27,Buffalo,50,Ava,55
2012-12-27,Gateway,49,Bayless,57
2012-12-27,Notre Dame (Cape Girardeau),98,Bell City,14
2012-12-27,Crocker,40,Belle,43
2012-12-27,Portageville,50,Bernie,53
2012-12-27,Tuscumbia,55,Billings,92
2012-12-27,John F. Kennedy,47,Bishop DuBourg,41
2012-12-27,Lincoln College Prep,51,Blue Springs,54
2012-12-27,Iberia,68,Bourbon,49
2012-12-27,Novinger,37,Braymer,54
2012-12-27,Parkway South,53,Brentwood,60
2012-12-27,Dora,56,Cabool,71
2012-12-27,Lebanon,42,Camdenton,56
2012-12-27,Chaminade College Prep,91,Cardinal Ritter,71
2012-12-27,Ruskin,59,Carthage,52
2012-12-27,East Newton,53,Cassville,61
2012-12-27,Meadow Heights,22,Central (Cape Girardeau),82
2012-12-27,O'Hara,46,Central (Kansas City),60
2012-12-27,Grandview,49,Central (St. Joseph),52
2012-12-27,Pleasant Hope,53,Chadwick,40
2012-12-27,Delta,24,Charleston,107
2012-12-27,Mid-Buchanan,34,Chillicothe,47
2012-12-27,Francis Howell,64,Clayton,74
2012-12-27,Mansfield,38,Clever,49
2012-12-27,Fair Grove,71,Conway,63
2012-12-27,Norwood,38,Couch,34
2012-12-27,Perryville,38,Crystal City,42
2012-12-27,Seneca,65,Delta,33
2012-12-27,North County,60,DeSoto,86
2012-12-27,St. Clair,62,Dexter,56
2012-12-27,Portageville,65,Doniphan,55
2012-12-27,East Prairie,52,Doniphan,90
2012-12-27,University Academy Charter,64,East Buchanan,45
2012-12-27,Thayer,53,Eminence,50
2012-12-27,Laquey,34,Eugene,66
2012-12-27,Troy Buchanan,38,Eureka,47
2012-12-27,Hurley,69,Fair Play,83
2012-12-27,Willard,33,Fayette,64
2012-12-27,Waynesville,56,Festus,43
2012-12-27,Verona,42,Fordland,49
2012-12-27,Rockwood Summit,63,Fox,37
2012-12-27,Benton,39,Francis Howell Central,64
2012-12-27,Seckman,31,Francis Howell North,51
2012-12-27,Central (Park Hills),66,Fredericktown,60
2012-12-27,St. Dominic,52,Ft. Zumwalt South,64
2012-12-27,Warrensburg,56,Fulton,42
2012-12-27,Liberty (Mountain View),61,Gainesville,55
2012-12-27,Nixa,76,Glendale,28
2012-12-27,Jefferson (Festus),63,Grandview (Hillsboro),45
2012-12-27,St. Vincent,61,Greenville,34
2012-12-27,Exeter,45,Halfway,63
2012-12-27,Priory,55,Hancock,47
2012-12-27,Nodaway-Holt,46,Hardin-Central,69
2012-12-27,Park Hill,48,Harrisonville,55
2012-12-27,Republic,56,Hartville,40
2012-12-27,Saxony Lutheran,44,Hayti,80
2012-12-27,Lindbergh,21,Hazelwood Central,56
2012-12-27,Raytown South,59,Hazelwood East,52
2012-12-27,Versailles,74,Hermann,51
2012-12-27,Sparta,65,Hogan Prep Academy Charter,56
2012-12-27,William Chrisman,68,Hogan Prep Academy Charter,91
2012-12-27,Van Buren,42,Holcomb,65
2012-12-27,Union,45,Houston,54
2012-12-27,Kelly,25,Jackson,59
2012-12-27,Greenville,47,Kingston,44
2012-12-27,Parkway West,66,Kirkwood,50
2012-12-27,Duchesne,50,Ladue Horton Watkins,43
2012-12-27,University City,49,Lafayette (Wildwood),65
2012-12-27,Oak Ridge,34,Leopold,69
2012-12-27,Winona,57,Licking,62
2012-12-27,Mt. Vernon,80,Logan-Rogersville,62
2012-12-27,Smithville,61,Lutie,44
2012-12-27,Bloomfield,58,Malden,56
2012-12-27,Miller,47,Marion C. Early,54
2012-12-27,Walnut Grove,43,Marionville,48
2012-12-27,St. Vincent,62,Marquand-Zion,32
2012-12-27,Parkview,60,Marshfield,43
2012-12-27,Vianney,58,McCluer,50
2012-12-27,Roosevelt,44,McCluer South-Berkeley,62
2012-12-27,Neosho,45,McDonald County,54
2012-12-27,Lutheran South,62,Mehlville,42
2012-12-27,Whitfield,37,MICDS,49
2012-12-27,Webster Groves,63,MICDS,59
2012-12-27,South Shelby,50,Mountain Grove,20
2012-12-27,Waynesville,55,Normandy Collaborative,65
2012-12-27,Windsor (Imperial),72,Northwest (Cedar Hill),62
2012-12-27,Seneca,52,Oak Ridge,43
2012-12-27,Seneca,56,Oran,68
2012-12-27,Tipton,53,Otterville,36
2012-12-27,Winona,58,Ozark,65
2012-12-27,Raymore-Peculiar,29,Park Hill South,52
2012-12-27,Wright City,49,Plato,73
2012-12-27,Stanberry,65,Potosi,29
2012-12-27,Ridgeway,59,Princeton,42
2012-12-27,Summersville,74,Puxico,60
2012-12-27,Kearney,47,Raytown,38
2012-12-27,Bolivar,44,Reeds Spring,39
2012-12-27,Newburg,44,Richland,77
2012-12-27,Kennett,87,Richland (Essex),39
2012-12-27,Woodland,41,Scott County Central,76
2012-12-27,Timberland,50,Sikeston,77
2012-12-27,College Preparatory,58,Soldan International Studies,30
2012-12-27,De Smet Jesuit,60,St. Charles West,47
2012-12-27,Trinity Catholic,49,Webster Groves,66
2012-12-27,Summersville,51,St. Clair,49
2012-12-27,Valle Catholic,64,Valley,21
2012-12-27,Crossroads College Preparatory,78,Valley Park,33
2012-12-27,Saxony Lutheran,59,Van Buren,58
2012-12-27,Crane,56,West Plains,72
2012-12-27,Branson,58,Willard,49
2012-12-27,Liberty North,62,William Chrisman,58
2012-12-27,Greenwood,57,Willow Springs,35
2012-12-28,Central (Cape Girardeau),71,Advance,53
2012-12-28,Priory,41,Affton,71
2012-12-28,Viburnum,51,Arcadia Valley,57
2012-12-28,Marion C. Early,43,Ava,36
2012-12-28,Pattonville,53,Bayless,37
2012-12-28,Oak Ridge,77,Bell City,37
2012-12-28,Iberia,76,Belle,53
2012-12-28,Portageville,50,Bernie,53
2012-12-28,Holcomb,52,Bernie,39
2012-12-28,Milan,38,Bevier,68
2012-12-28,Kennett,82,Bloomfield,57
2012-12-28,Park Hill South,49,Blue Springs,44
2012-12-28,Pleasant Hill,39,Blue Springs South,79
2012-12-28,North Technical,55,Boonville,49
2012-12-28,Crocker,54,Bourbon,41
2012-12-28,Republic,58,Branson,55
2012-12-28,Gilman City,43,Brashear,48
2012-12-28,Clayton,60,Brentwood,47
2012-12-28,Parkway South,53,Brentwood,60
2012-12-28,Marceline,68,Brunswick,35
2012-12-28,Liberty (Mountain View),66,Cabool,61
2012-12-28,Fair Grove,40,Camdenton,51
2012-12-28,John Burroughs,75,Cardinal Ritter,49
2012-12-28,Penney,37,Carrollton,54
2012-12-28,Ruskin,59,Carthage,52
2012-12-28,Wheaton,53,Cassville,55
2012-12-28,O'Hara,46,Central (Kansas City),56
2012-12-28,Exeter,48,Chadwick,43
2012-12-28,Meadow Heights,30,Chaffee,67
2012-12-28,Oran,63,Charleston,90
2012-12-28,Malta Bend,17,Chilhowee,58
2012-12-28,South Shelby,62,Clever,56
2012-12-28,John F. Kennedy,52,Crossroads College Preparatory,70
2012-12-28,Seneca,65,Delta,33
2012-12-28,Crystal City,52,DeSoto,59
2012-12-28,Puxico,59,Dexter,57
2012-12-28,East Prairie,52,Doniphan,90
2012-12-28,Gainesville,61,Dora,53
2012-12-28,Winona,41,Eminence,64
2012-12-28,De Smet Jesuit,70,Eureka,53
2012-12-28,St. Pius X (Festus),51,Farmington,74
2012-12-28,Benton,47,Festus,68
2012-12-28,Mehlville,43,Fox,42
2012-12-28,Waynesville,61,Francis Howell Central,47
2012-12-28,Windsor (Imperial),51,Francis Howell North,49
2012-12-28,Potosi,34,Fredericktown,58
2012-12-28,Holt,45,Ft. Zumwalt West,61
2012-12-28,Rolla,73,Fulton,46
2012-12-28,Keytesville,14,Glasgow,76
2012-12-28,Warsaw,52,Grain Valley,57
2012-12-28,Valley,31,Grandview (Hillsboro),35
2012-12-28,St. Vincent,61,Greenville,34
2012-12-28,Lift for Life Academy Charter,69,Hancock,72
2012-12-28,Holcomb,56,Hayti,44
2012-12-28,Parkway West,45,Hazelwood Central,51
2012-12-28,Ritenour,32,Hazelwood East,58
2012-12-28,Ste. Genevieve,65,Herculaneum,38
2012-12-28,Macon County with Bucklin,56,Higbee,25
2012-12-28,West County,76,Hillsboro,64
2012-12-28,William Chrisman,68,Hogan Prep Academy Charter,91
2012-12-28,Tuscumbia,56,Hollister,64
2012-12-28,Norwood,51,Houston,44
2012-12-28,Scott County Central,67,Jackson,85
2012-12-28,Woodland,55,Kelly,45
2012-12-28,Marquand-Zion,40,Kingston,72
2012-12-28,Lindbergh,45,Kirkwood,58
2012-12-28,Macks Creek,52,Knob Noster,77
2012-12-28,Duchesne,50,Ladue Horton Watkins,43
2012-12-28,Webb City,30,Lafayette (St. Joseph),52
2012-12-28,Fort Osage,62,Lee's Summit West,70
2012-12-28,Notre Dame (Cape Girardeau),63,Leopold,58
2012-12-28,St. Charles,59,Liberty,61
2012-12-28,Thayer,54,Licking,41
2012-12-28,Otterville,47,Lincoln,17
2012-12-28,Raymore-Peculiar,44,Lincoln College Prep,58
2012-12-28,Richland,60,Malden,67
2012-12-28,Richland (Essex),60,Malden,67
2012-12-28,Washington,40,Marquette,38
2012-12-28,Raytown South,64,McCluer South-Berkeley,31
2012-12-28,Worth County,51,Meadville,67
2012-12-28,Rock Bridge,74,Mexico,46
2012-12-28,Webster Groves,63,MICDS,59
2012-12-28,St. Joseph Christian,38,Mid-Buchanan,53
2012-12-28,Parkway Central,37,Miller Career Academy,46
2012-12-28,Father Tolton,37,Moberly,55
2012-12-28,Laquey,42,Newburg,49
2012-12-28,Rock Port,58,Newtown-Harris,48
2012-12-28,Perryville,58,North County,62
2012-12-28,Seckman,57,Northwest (Cedar Hill),43
2012-12-28,Perryville,50,Oak Ridge,61
2012-12-28,Mt. Vernon,58,Ozark,59
2012-12-28,Bolivar,41,Parkview,47
2012-12-28,Lutheran St. Charles,55,Parkway North,41
2012-12-28,Smithville,31,Plato,36
2012-12-28,Calvary Lutheran,35,Prairie Home,57
2012-12-28,Eugene,80,Richland,48
2012-12-28,St. Pius X (Kansas City),44,Rockhurst,59
2012-12-28,Lutheran South,57,Rockwood Summit,82
2012-12-28,Warrenton,46,Savannah,32
2012-12-28,Westminster Christian Academy,61,SLUH,74
2012-12-28,Southwest Early College,63,Savannah,66
2012-12-28,Liberty North,47,Sparta,28
2012-12-28,College Preparatory,48,Soldan International Studies,24
2012-12-28,Kennett,75,Summersville,46
2012-12-28,Greenwood,38,Spokane,47
2012-12-28,Lutheran North,51,St. Charles,59
2012-12-28,Troy Buchanan,57,St. Charles West,42
2012-12-28,Summersville,51,St. Clair,49
2012-12-28,Bishop LeBlond,51,University Academy Charter,43
2012-12-28,Bishop DuBourg,68,Valley Park,28
2012-12-28,Saxony Lutheran,59,Van Buren,58
2012-12-28,Christian Brothers College,70,Webster Groves,45
2012-12-28,Nixa,85,West Plains,51
2012-12-28,Branson,58,Willard,49
2012-12-29,Leopold,50,Advance,64
2012-12-29,Crossroads College Preparatory,67,Affton,55
2012-12-29,Linn County,51,Albany,56
2012-12-29,Ste. Genevieve,62,Arcadia Valley,68
2012-12-29,Fordland,44,Ash Grove,63
2012-12-29,Chaminade College Prep,55,Bayless,49
2012-12-29,Summersville,56,Bernie,59
2012-12-29,Holcomb,52,Bernie,39
2012-12-29,Fatima,73,Blair Oaks,68
2012-12-29,Sparta,52,Blue Springs,62
2012-12-29,Lee's Summit West,66,Blue Springs South,57
2012-12-29,Branson,71,Bolivar,60
2012-12-29,Laquey,59,Bourbon,61
2012-12-29,Licking,68,Cabool,76
2012-12-29,Marion C. Early,22,Camdenton,33
2012-12-29,Webb City,62,Carthage,54
2012-12-29,Central (New Madrid County),77,Caruthersville,68
2012-12-29,Notre Dame (Cape Girardeau),57,Central (Cape Girardeau),70
2012-12-29,Stanberry,59,Central (Park Hills),63
2012-12-29,Central (Kansas City),47,Central (St. Joseph),60
2012-12-29,Oak Ridge,52,Chaffee,45
2012-12-29,University Academy Charter,56,Chillicothe,61
2012-12-29,South Shelby,53,Clark County,63
2012-12-29,Webster Groves,44,Clayton,55
2012-12-29,Newburg,42,Crocker,39
2012-12-29,Crystal City,52,DeSoto,59
2012-12-29,Saxony Lutheran,53,Doniphan,63
2012-12-29,SLUH,42,Duchesne,66
2012-12-29,Mid-Buchanan,60,East Buchanan,51
2012-12-29,Willard,33,Eldon,60
2012-12-29,Gainesville,59,Eminence,73
2012-12-29,Iberia,69,Eugene,64
2012-12-29,Parkway West,41,Eureka,55
2012-12-29,Marionville,54,Fair Play,59
2012-12-29,Rolla,42,Festus,39
2012-12-29,North County,34,Fredericktown,58
2012-12-29,Potosi,34,Fredericktown,58
2012-12-29,Sikeston,61,Ft. Zumwalt South,58
2012-12-29,Lutheran St. Charles,55,Ft. Zumwalt West,53
2012-12-29,Benton,55,Fulton,49
2012-12-29,Cardinal Ritter,68,Gateway,61
2012-12-29,Northwest (Hughesville),42,Green Ridge,57
2012-12-29,Jefferson (Festus),51,Greenville,38
2012-12-29,Bishop DuBourg,52,Hancock,38
2012-12-29,Kearney,47,Harrisonville,61
2012-12-29,Portageville,49,Hayti,50
2012-12-29,De Smet Jesuit,58,Hazelwood Central,66
2012-12-29,Knox County,48,Highland,62
2012-12-29,Lincoln College Prep,51,Hogan Prep Academy Charter,55
2012-12-29,Versailles,68,Holden,63
2012-12-29,Walnut Grove,73,Hurley,61
2012-12-29,Charleston,72,Jackson,54
2012-12-29,Mexico,65,Jefferson City,34
2012-12-29,Rock Bridge,55,Jefferson City,54
2012-12-29,Priory,65,John F. Kennedy,67
2012-12-29,Cameron,44,Kirksville,35
2012-12-29,Troy Buchanan,48,Kirkwood,33
2012-12-29,Westminster Christian Academy,45,Ladue Horton Watkins,64
2012-12-29,Ruskin,47,Lafayette (St. Joseph),62
2012-12-29,Vianney,50,Lafayette (Wildwood),44
2012-12-29,Rockhurst,56,Liberty,49
2012-12-29,Thayer,48,Liberty,53
2012-12-29,Thayer,48,Liberty (Mountain View),53
2012-12-29,Otterville,47,Lincoln,17
2012-12-29,Palmyra,74,Macon,58
2012-12-29,Puxico,54,Malden,78
2012-12-29,Webster Groves,47,Marquette,43
2012-12-29,St. Charles,54,Miller Career Academy,53
2012-12-29,Pierce City,48,Neosho,38
2012-12-29,Verona,49,Niangua,46
2012-12-29,Plato,44,Norwood,39
2012-12-29,Scott County Central,47,Oran,77
2012-12-29,Cole Camp,74,Osage,51
2012-12-29,Nixa,61,Ozark,55
2012-12-29,Liberty North,44,Park Hill South,36
2012-12-29,Republic,34,Parkview,27
2012-12-29,Holt,67,Parkway North,57
2012-12-29,John Burroughs,50,Pattonville,46
2012-12-29,Fort Osage,47,Pleasant Hill,40
2012-12-29,Belle,70,Richland,61
2012-12-29,Warrenton,41,Richmond,56
2012-12-29,Woodland,50,Seneca,78
2012-12-29,Spokane,42,South Shelby,39
2012-12-29,Tuscumbia,63,Salem,59
2012-12-29,Kennett,75,Summersville,46
2012-12-29,St. Dominic,57,Timberland,42
2012-12-29,Maysville,43,Trenton,45
2012-12-29,St. Pius X (Kansas City),50,St. Charles,53
2012-12-29,Bloomfield,47,St. Clair,44
2012-12-29,Jefferson (Festus),33,Valle Catholic,67
2012-12-29,Lift for Life Academy Charter,80,Valley Park,51
2012-12-29,Waynesville,57,Warrensburg,42
2012-12-29,Christian Brothers College,79,Washington,62
2012-12-29,Mt. Vernon,76,West Plains,44
2012-12-30,Oran,67,Advance,60
2012-12-30,Charleston,62,Central (Cape Girardeau),42
2012-12-30,Central (Park Hills),65,DeSoto,50
2012-12-30,Malden,39,Doniphan,70
2012-12-30,Webster Groves,41,Eureka,54
2012-12-30,West County,47,Farmington,64
2012-12-30,Christian Brothers College,45,Hazelwood Central,59
2012-12-30,Notre Dame (Cape Girardeau),53,Jackson,69
2012-12-30,Seneca,55,Oak Ridge,61
2012-12-30,Fort Osage,47,Pleasant Hill,40
2012-12-30,Vianney,43,Troy Buchanan,42
2012-12-30,De Smet Jesuit,61,Washington,51
2012-12-31,Fair Play,52,Ash Grove,67
2012-12-31,Smithville,58,Bakersfield,40
2012-12-31,Bradleyville,45,Blue Eye,62
2012-12-31,Chadwick,29,Central (Springfield),65
2012-12-31,Stanberry,67,Crystal City,50
2012-12-31,West County,67,DeSoto,72
2012-12-31,Malden,39,Doniphan,75
2012-12-31,Central (Park Hills),64,Farmington,58
2012-12-31,Marionville,35,Fordland,47
2012-12-31,Arcadia Valley,45,Fredericktown,52
2012-12-31,Hale,57,Gilman City,48
2012-12-31,Pleasant Hope,58,Halfway,62
2012-12-31,Barat Academy,43,Hannibal,66
2012-12-31,Bloomfield,44,Hayti,59
2012-12-31,Stanberry,50,Hillsboro,44
2012-12-31,St. Pius X (Festus),52,Hillsboro,58
2012-12-31,Kennett,71,Holcomb,75
2012-12-31,Clopton,62,Louisiana,49
2012-12-31,South Pemiscot,65,Monroe City,45
2012-12-31,Gallatin,66,Putnam County,72
2012-12-31,Penney,51,Schuyler County,30
2012-12-31,Lincoln,32,Salem,48
2012-12-31,Walnut Grove,39,Verona,49
2012-12-31,Wright City,21,Warrenton,53
2013-01-01,Conway,56,Fair Grove,66
2013-01-01,Metro,52,West Plains,49
2013-01-02,Fox,77,Affton,79
2013-01-02,Plato,62,Bakersfield,43
2013-01-02,Marceline,65,Bevier,35
2013-01-02,Bradleyville,45,Blue Eye,62
2013-01-02,Milan,50,Brunswick,38
2013-01-02,Wellington-Napoleon,63,Carrollton,57
2013-01-02,Bishop LeBlond,31,Chillicothe,41
2013-01-02,Linn,49,Cuba,62
2013-01-02,Sweet Springs,50,Fayette,47
2013-01-02,North Harrison,55,Green City,35
2013-01-02,Miller,33,Greenfield,56
2013-01-02,Madison,21,Hallsville,79
2013-01-02,Mercer,69,Hardin-Central,56
2013-01-02,Salem,49,Hermann,53
2013-01-02,Worth County,60,Jamestown,31
2013-01-02,Neosho,28,Kickapoo,68
2013-01-02,Concordia,45,Knob Noster,62
2013-01-02,Scott County Central,52,Lafayette County,61
2013-01-02,St. Paul Lutheran (Concordia),51,Lexington,46
2013-01-02,Normandy Collaborative,49,McCluer North,74
2013-01-02,Leeton,49,Midway,36
2013-01-02,Sarcoxie,61,Northwest (Hughesville),41
2013-01-02,Webb City,54,Owensville,37
2013-01-02,Northeast (Cairo),72,Paris,23
2013-01-02,Thayer,36,Princeton,29
2013-01-02,Galena,46,Purdy,63
2013-01-02,Oak Ridge,40,Seneca,65
2013-01-02,Lincoln,30,Salem,48
2013-01-02,Pacific,69,Warsaw,13
2013-01-02,Van-Far,66,Wellsville-Middletown,35
2013-01-02,Tipton,71,Westran,54
2013-01-03,Ballard,38,Adrian,49
2013-01-03,Bernie,69,Advance,66
2013-01-03,Sarcoxie,51,Ash Grove,60
2013-01-03,East Prairie,60,Bell City,59
2013-01-03,Central (Springfield),61,Blue Eye,55
2013-01-03,Fulton,58,Bowling Green,57
2013-01-03,Chadwick,56,Bradleyville,74
2013-01-03,Miami (Amoret),29,Bronaugh,58
2013-01-03,Clark County,29,Canton,58
2013-01-03,Scott County Central,30,Carrollton,38
2013-01-03,Warrenton,51,Clopton,40
2013-01-03,Versailles,48,Cole Camp,54
2013-01-03,Schuyler County,57,Community,34
2013-01-03,Fair Play,70,Dadeville,55
2013-01-03,Hickman,78,Fatima,48
2013-01-03,Windsor (Imperial),51,Festus,59
2013-01-03,Macon County with Bucklin,16,Glasgow,55
2013-01-03,Northeast Vernon County,28,Golden City,102
2013-01-03,Sarcoxie,71,Green Ridge,40
2013-01-03,Northwestern (Mendon),54,Grundy County,63
2013-01-03,Hurley,77,Halfway,57
2013-01-03,South Pemiscot,65,Hannibal,58
2013-01-03,Father Tolton,46,Harrisburg,63
2013-01-03,Keytesville,42,Higbee,33
2013-01-03,Eldon,70,Holden,58
2013-01-03,Drexel,90,Hume,14
2013-01-03,Spokane,64,Jasper,49
2013-01-03,Waynesville,38,Jefferson City,66
2013-01-03,William Chrisman,64,Joplin,69
2013-01-03,Windsor,90,Kingsville,33
2013-01-03,St. Paul Lutheran (Concordia),42,Knob Noster,52
2013-01-03,Wellington-Napoleon,47,Lafayette County,76
2013-01-03,Concordia,54,Lexington,57
2013-01-03,New Heights Christian,26,Liberal,56
2013-01-03,Wright City,51,Louisiana,61
2013-01-03,Knox County,54,Macon,61
2013-01-03,Meadow Heights,75,Marquand-Zion,45
2013-01-03,Webb City,53,McDonald County,32
2013-01-03,Hale,19,Meadville,57
2013-01-03,McKinley Classical Leadership,34,Metro,55
2013-01-03,Barat Academy,45,Monroe City,61
2013-01-03,Carthage,63,Nevada,55
2013-01-03,Mercer,75,Newtown-Harris,64
2013-01-03,North Nodaway,33,North Harrison,54
2013-01-03,Sarcoxie,61,Northwest (Hughesville),41
2013-01-03,Clinton,49,O'Hara,53
2013-01-03,Willard,40,Osage,54
2013-01-03,Tuscumbia,55,Otterville,72
2013-01-03,Linn,52,Owensville,31
2013-01-03,Highland,69,Palmyra,66
2013-01-03,Worth County,60,Pilot Grove,50
2013-01-03,Smithville,54,Plato,43
2013-01-03,Pembroke Hill,47,Platte County,46
2013-01-03,Osborn,40,Polo,70
2013-01-03,Green City,37,Putnam County,80
2013-01-03,Warsaw,33,Salem,71
2013-01-03,Cameron,57,Savannah,48
2013-01-03,Benton,52,Sparta,75
2013-01-03,Hollister,57,Springfield Catholic,30
2013-01-03,Tipton,60,Sweet Springs,41
2013-01-03,Barstow,50,University Academy Charter,54
2013-01-03,Neosho,17,Webster Groves,71
2013-01-03,Van-Far,66,Wellsville-Middletown,35
2013-01-04,Spokane,51,Ash Grove,59
2013-01-04,Versailles,47,Barstow,52
2013-01-04,Macon County with Bucklin,61,Bevier,50
2013-01-04,Valle Catholic,60,Bismarck,84
2013-01-04,Warsaw,50,Blair Oaks,73
2013-01-04,Republic,45,Bolivar,31
2013-01-04,Vienna,41,Braymer,67
2013-01-04,Bayless,70,Brentwood,44
2013-01-04,Newburg,63,Bunker,27
2013-01-04,Wright City,39,Cabool,76
2013-01-04,Parkview,56,Camdenton,27
2013-01-04,Lexington,32,Carrollton,44
2013-01-04,Carl Junction,69,Cassville,48
2013-01-04,SLUH,48,Christian Brothers College,64
2013-01-04,Malden,57,Clarkton,68
2013-01-04,Ellington,43,Clearwater,100
2013-01-04,Van-Far,44,Cole Camp,26
2013-01-04,Scott County Central,54,Concordia,49
2013-01-04,Marion C. Early,64,Conway,71
2013-01-04,St. Vincent,41,Crystal City,62
2013-01-04,Lutheran (Kansas City),38,DeKalb,52
2013-01-04,Woodland,23,Dexter,64
2013-01-04,Seneca,44,Diamond,48
2013-01-04,St. Clair,55,Doniphan,49
2013-01-04,Bishop DuBourg,43,Duchesne,64
2013-01-04,Bloomfield,54,East Prairie,42
2013-01-04,Golden City,54,Everton,85
2013-01-04,Pleasant Hill,63,Excelsior Springs,57
2013-01-04,Tuscumbia,67,Exeter,34
2013-01-04,Fredericktown,41,Farmington,55
2013-01-04,Windsor (Imperial),51,Festus,59
2013-01-04,Koshkonong,11,Fordland,81
2013-01-04,Pleasant Hope,34,Forsyth,69
2013-01-04,Oak Park,36,Fort Osage,60
2013-01-04,Eureka,58,Fox,47
2013-01-04,Joplin,43,Francis Howell,40
2013-01-04,Timberland,50,Francis Howell Central,51
2013-01-04,Ft. Zumwalt East,59,Ft. Zumwalt North,69
2013-01-04,Troy Buchanan,52,Ft. Zumwalt West,41
2013-01-04,Miller,66,Galena,42
2013-01-04,Worth County,35,Gallatin,66
2013-01-04,Albany,61,Gilman City,29
2013-01-04,Hillcrest,71,Glendale,57
2013-01-04,Sarcoxie,71,Green Ridge,40
2013-01-04,Purdy,64,Greenfield,55
2013-01-04,Dadeville,82,Halfway,58
2013-01-04,Northeast (Cairo),66,Hallsville,61
2013-01-04,Oak Grove,49,Harrisonville,55
2013-01-04,Willow Springs,29,Hartville,58
2013-01-04,Pacific,58,Hermann,41
2013-01-04,Campbell,35,Holcomb,60
2013-01-04,Laquey,37,Iberia,85
2013-01-04,New Franklin,55,Jamestown,39
2013-01-04,Sarcoxie,54,Jasper,48
2013-01-04,Webster Groves,59,Jefferson City,45
2013-01-04,Ladue Horton Watkins,63,Jennings,60
2013-01-04,Lutheran North,56,John Burroughs,71
2013-01-04,Priory,43,John F. Kennedy,49
2013-01-04,Central (St. Joseph),55,Kearney,51
2013-01-04,Milan,53,Keytesville,43
2013-01-04,St. Elizabeth,19,King City,48
2013-01-04,Macks Creek,53,Lakeland,66
2013-01-04,Mid-Buchanan,45,Lathrop,52
2013-01-04,East Buchanan,44,Lawson,52
2013-01-04,Winnetonka,56,Lee's Summit,66
2013-01-04,Lee's Summit West,45,Lee's Summit North,49
2013-01-04,Osceola,63,Liberal,68
2013-01-04,Lafayette (Wildwood),40,Lindbergh,26
2013-01-04,Butler,53,Lone Jack,23
2013-01-04,MICDS,60,Lutheran South,50
2013-01-04,South Shelby,44,Macon,43
2013-01-04,Greenville,52,Marquand-Zion,45
2013-01-04,Adrian,35,Midway,50
2013-01-04,Bronaugh,68,Montrose,75
2013-01-04,Springfield Catholic,44,Mountain Grove,38
2013-01-04,Neelyville,54,Naylor,59
2013-01-04,Verona,37,New Heights Christian,23
2013-01-04,Riverview Gardens,57,Normandy Collaborative,69
2013-01-04,Slater,55,North Callaway,66
2013-01-04,Ste. Genevieve,58,North County,49
2013-01-04,Summersville,92,North Pemiscot,54
2013-01-04,West Platte,56,North Platte,39
2013-01-04,Central (Kansas City),57,Northeast (Kansas City),67
2013-01-04,Stewartsville,49,Northeast Nodaway,63
2013-01-04,Marquette,56,Northwest (Cedar Hill),26
2013-01-04,Dora,43,Norwood,42
2013-01-04,Marion County,68,Novinger,44
2013-01-04,Parkway South,54,Oakville,53
2013-01-04,Grain Valley,63,Odessa,56
2013-01-04,Stover,53,Osborn,35
2013-01-04,Clark County,43,Palmyra,52
2013-01-04,Madison,44,Paris,64
2013-01-04,University City,65,Parkway North,69
2013-01-04,Whitfield,51,Pattonville,53
2013-01-04,Plattsburg,52,Penney,62
2013-01-04,Central (Park Hills),78,Potosi,54
2013-01-04,Lutheran (Kansas City),16,Prairie Home,54
2013-01-04,Belton,41,Raytown,52
2013-01-04,Archie,32,Rich Hill,65
2013-01-04,Bell City,55,Richland (Essex),83
2013-01-04,Cainsville,32,Ridgeway,69
2013-01-04,Raymore-Peculiar,35,Rockhurst,53
2013-01-04,Parkway West,78,Rockwood Summit,67
2013-01-04,Tarkio,40,Rolla,59
2013-01-04,Oran,68,Saxony Lutheran,52
2013-01-04,Chaffee,67,Seneca,73
2013-01-04,Ballard,48,South Callaway,56
2013-01-04,El Dorado Springs,60,South Shelby,80
2013-01-04,Center,71,Savannah,41
2013-01-04,Crest Ridge,62,Smithton,55
2013-01-04,Van Buren,44,Stanberry,74
2013-01-04,California,35,Southern Boone,59
2013-01-04,Hogan Prep Academy Charter,56,Southwest Early College,66
2013-01-04,Orchard Farm,53,St. Charles West,61
2013-01-04,Dixon,56,St. James,71
2013-01-04,St. Francis Borgia,58,Webster Groves,38
2013-01-04,Calvary Lutheran,59,St. Paul Lutheran (Concordia),36
2013-01-04,St. Mary's (Independence),31,St. Pius X (Kansas City),62
2013-01-04,Fair Grove,71,Wellsville-Middletown,41
2013-01-04,Cuba,68,Webb City,77
2013-01-04,North Harrison,73,Tri-County,39
2013-01-04,Lift for Life Academy Charter,55,Trinity Catholic,57
2013-01-04,North Andrew,57,Union Star,36
2013-01-04,Arcadia Valley,69,Valley,38
2013-01-04,Neosho,57,Waynesville,61
2013-01-04,Holt,36,Washington,39
2013-01-04,Lebanon,28,Waynesville,75
2013-01-04,Clayton,70,Westminster Christian Academy,63
2013-01-04,Fayette,46,Westran,45
2013-01-04,South Nodaway,87,Windsor,53
2013-01-04,Elsberry,49,Winfield,69
2013-01-04,Lesterville,28,Winona,60
2013-01-05,Clinton,53,Adrian,35
2013-01-05,Purdy,58,Ash Grove,63
2013-01-05,Ava,58,Aurora,57
2013-01-05,Bradleyville,59,Bakersfield,68
2013-01-05,Plato,49,Blue Eye,58
2013-01-05,Highland,74,Canton,81
2013-01-05,Helias Catholic,44,Cardinal Ritter,61
2013-01-05,Lebanon,43,Carthage,71
2013-01-05,Hazelwood West,44,Central (Cape Girardeau),56
2013-01-05,Smithville,52,Central (Springfield),48
2013-01-05,St. Francis Borgia,39,Chaminade College Prep,51
2013-01-05,Eldon,66,Cole Camp,62
2013-01-05,The Fulton School,56,Cole Camp,63
2013-01-05,Hallsville,57,Community,62
2013-01-05,Windsor,65,Crest Ridge,58
2013-01-05,Atlanta,38,Father Tolton,74
2013-01-05,New Franklin,51,Fayette,35
2013-01-05,Jefferson City,76,Francis Howell,40
2013-01-05,Jasper,69,Galena,64
2013-01-05,Marceline,50,Glasgow,54
2013-01-05,Kingston,55,Grandview (Hillsboro),46
2013-01-05,Tuscumbia,68,Green Ridge,71
2013-01-05,Spokane,51,Greenfield,52
2013-01-05,Jefferson (Festus),51,Greenville,38
2013-01-05,Clopton,63,Hannibal,68
2013-01-05,Cuba,70,Hermann,49
2013-01-05,Willard,40,Holden,69
2013-01-05,Lutheran South,61,Jackson,79
2013-01-05,Webster Groves,51,Joplin,26
2013-01-05,Chillicothe,42,Kirksville,52
2013-01-05,Lafayette County,56,Knob Noster,43
2013-01-05,East (Kansas City),67,Lincoln College Prep,66
2013-01-05,Monroe City,33,Louisiana,53
2013-01-05,Valley,48,Marquand-Zion,51
2013-01-05,Sarcoxie,62,Miller,77
2013-01-05,Notre Dame (Cape Girardeau),50,Miller Career Academy,57
2013-01-05,Schuyler County,66,Northeast (Cairo),47
2013-01-05,Warrensburg,44,Oak Grove,49
2013-01-05,Versailles,65,Osage,24
2013-01-05,Sarcoxie,59,Otterville,62
2013-01-05,Warsaw,37,Owensville,42
2013-01-05,Van-Far,44,Paris,20
2013-01-05,Sikeston,76,Parkway South,46
2013-01-05,Central (Kansas City),58,Pembroke Hill,49
2013-01-05,Sweet Springs,54,Pilot Grove,59
2013-01-05,Van-Far,55,Prairie Home,29
2013-01-05,Linn,55,Salem,43
2013-01-05,Warrenton,66,South Pemiscot,47
2013-01-05,Northwest (Hughesville),49,Salem,31
2013-01-05,St. Pius X (Kansas City),50,Sparta,52
2013-01-05,Calvary Lutheran,24,Van-Far,49
2013-01-05,Valle Catholic,61,St. Vincent,63
2013-01-05,Tipton,43,Worth County,47
2013-01-05,Pacific,53,Webb City,20
2013-01-05,East (Kansas City),21,The Fulton School,44
2013-01-05,Meadow Heights,42,Waynesville,39
2013-01-05,St. Paul Lutheran (Concordia),49,Wellington-Napoleon,40
2013-01-05,Madison,36,Wellsville-Middletown,51
2013-01-05,Neosho,45,William Chrisman,85
2013-01-07,Windsor (Imperial),69,Affton,81
2013-01-07,St. Charles,52,Bayless,60
2013-01-07,Centralia,56,Bowling Green,57
2013-01-07,New Covenant Academy,72,Bradleyville,59
2013-01-07,Green City,60,Brookfield,50
2013-01-07,Niangua,61,Chadwick,36
2013-01-07,Whitfield,47,Christian Brothers College,68
2013-01-07,St. Charles West,40,Clayton,46
2013-01-07,Pleasant Hill,71,Clinton,48
2013-01-07,McKinley Classical Leadership,12,College Preparatory,73
2013-01-07,Crossroads College Preparatory,68,Confluence Prep Academy Charter,49
2013-01-07,St. James,66,Cuba,68
2013-01-07,St. James,21,DeKalb,64
2013-01-07,Warsaw,72,El Dorado Springs,32
2013-01-07,Kingsville,18,Fair Play,93
2013-01-07,Marceline,36,Fayette,40
2013-01-07,Norwood,53,Forsyth,60
2013-01-07,Mehlville,49,Fox,41
2013-01-07,Lutheran North,53,Ft. Zumwalt North,56
2013-01-07,Ladue Horton Watkins,72,Ft. Zumwalt West,43
2013-01-07,Plattsburg,41,Gallatin,52
2013-01-07,Mercer,64,Grundy County,37
2013-01-07,Sarcoxie,72,Harrisburg,60
2013-01-07,North Callaway,62,Hermann,61
2013-01-07,Lakeland,55,Hermitage,49
2013-01-07,Rich Hill,79,Hume,19
2013-01-07,West County,70,Kingston,40
2013-01-07,Concordia,28,Knob Noster,78
2013-01-07,Hartville,91,Koshkonong,32
2013-01-07,Eureka,49,Lafayette (Wildwood),48
2013-01-07,Diamond,33,Lamar,51
2013-01-07,St. Mary's (Independence),59,Lawson,71
2013-01-07,Hogan Prep Academy Charter,61,Lee's Summit North,62
2013-01-07,Wellsville-Middletown,53,Macks Creek,67
2013-01-07,Wellsville-Middletown,38,Mark Twain,44
2013-01-07,Exeter,51,McAuley Catholic,63
2013-01-07,West Plains,49,Metro,52
2013-01-07,New Haven,68,New Bloomfield,35
2013-01-07,Worth County,42,North Andrew,57
2013-01-07,Rock Port,61,North Nodaway,25
2013-01-07,South Callaway,55,Northeast Vernon County,20
2013-01-07,Rich Hill,2,Northeast Vernon County,1
2013-01-07,O'Hara,51,Oak Grove,50
2013-01-07,Seneca,46,Portageville,51
2013-01-07,Ridgeway,61,Princeton,37
2013-01-07,Woodland,49,Richland (Essex),74
2013-01-07,Gateway,72,Ritenour,67
2013-01-07,Lindbergh,42,Rockwood Summit,63
2013-01-07,Orchard Farm,48,South Pemiscot,47
2013-01-07,Westran,64,South Shelby,74
2013-01-07,Montgomery County,47,Slater,61
2013-01-07,McDonald County,59,Tuscumbia,70
2013-01-07,Hollister,70,Union,52
2013-01-07,Washington,64,St. Clair,49
2013-01-07,Northeast Nodaway,51,Trenton,83
2013-01-07,Weaubleau,54,Wheatland,65
2013-01-07,Puxico,64,Zalma,45
2013-01-08,Stover,50,Albany,51
2013-01-08,Northeast Vernon County,8,Appleton City,56
2013-01-08,West County,56,Arcadia Valley,62
2013-01-08,Barstow,49,Archie,39
2013-01-08,Gainesville,58,Bakersfield,27
2013-01-08,Leeton,64,Ballard,39
2013-01-08,Puxico,63,Bell City,56
2013-01-08,Odessa,50,Belton,44
2013-01-08,Kearney,57,Benton,32
2013-01-08,Exeter,54,Billings,72
2013-01-08,Mid-Buchanan,39,Bishop LeBlond,50
2013-01-08,California,44,Boonville,71
2013-01-08,Thayer,57,Breckenridge,14
2013-01-08,Walnut Grove,66,Bronaugh,59
2013-01-08,St. Elizabeth,92,Cainsville,26
2013-01-08,Osceola,75,Calhoun,46
2013-01-08,Highland,63,Canton,68
2013-01-08,Lutheran St. Charles,57,Cardinal Ritter,59
2013-01-08,Richmond,48,Carrollton,35
2013-01-08,Bernie,54,Caruthersville,76
2013-01-08,Mt. Vernon,63,Cassville,36
2013-01-08,Rockhurst,69,Center,46
2013-01-08,Kickapoo,56,Central (Springfield),41
2013-01-08,De Smet Jesuit,63,Chaminade College Prep,65
2013-01-08,Central (New Madrid County),57,Charleston,72
2013-01-08,Pleasant Hope,26,Clever,72
2013-01-08,Pleasant Hill,71,Clinton,48
2013-01-08,Crest Ridge,42,Concordia,55
2013-01-08,Lift for Life Academy Charter,67,Confluence Prep Academy Charter,30
2013-01-08,Winona,61,Couch,25
2013-01-08,Jasper,63,Dadeville,47
2013-01-08,Bloomfield,48,Dexter,52
2013-01-08,Lutie,48,Dora,44
2013-01-08,Orrick,44,East Buchanan,71
2013-01-08,Naylor,55,East Carter,53
2013-01-08,St. Francis Borgia,47,Francis Howell Central,55
2013-01-08,Francis Howell,53,Ft. Zumwalt South,50
2013-01-08,Fatima,72,Fulton,34
2013-01-08,Richland (Essex),61,Gideon,73
2013-01-08,Worth County,30,Glasgow,58
2013-01-08,Camdenton,59,Glendale,65
2013-01-08,Liberal,49,Golden City,28
2013-01-08,Summit Christian Academy,64,Grain Valley,49
2013-01-08,Blue Springs,64,Grandview,73
2013-01-08,Valley Park,75,Grandview (Hillsboro),53
2013-01-08,Hurley,71,Greenfield,67
2013-01-08,Fordland,42,Greenwood,40
2013-01-08,Blair Oaks,66,Hallsville,72
2013-01-08,Excelsior Springs,52,Harrisonville,48
2013-01-08,McCluer North,65,Hazelwood Central,69
2013-01-08,Malta Bend,29,Higbee,70
2013-01-08,Potosi,30,Hillsboro,58
2013-01-08,University City,54,Holt,63
2013-01-08,Otterville,56,Jamestown,50
2013-01-08,Maplewood-Richmond Hts.,61,Jennings,42
2013-01-08,Principia,54,John Burroughs,64
2013-01-08,Madison,80,Keytesville,57
2013-01-08,Marshall,50,Kirksville,53
2013-01-08,Marion County,51,Knox County,58
2013-01-08,Atlanta,51,La Plata,50
2013-01-08,North Kansas City,34,Lafayette (St. Joseph),61
2013-01-08,North Platte,48,Lathrop,64
2013-01-08,Joplin,79,Lebanon,51
2013-01-08,St. Charles,68,Lee's Summit,69
2013-01-08,Park Hill South,36,Liberty,40
2013-01-08,Park Hill,32,Liberty North,46
2013-01-08,Mountain Grove,35,Licking,56
2013-01-08,Milan,33,Linn County,53
2013-01-08,Everton,62,Lockwood,69
2013-01-08,St. Paul Lutheran (Concordia),59,Lone Jack,34
2013-01-08,Monroe City,29,Macon,53
2013-01-08,Senath-Hornersville,53,Malden,73
2013-01-08,Bolivar,68,Marshfield,107
2013-01-08,Chillicothe,38,Maryville,54
2013-01-08,Polo,63,Maysville,60
2013-01-08,Hazelwood East,64,McCluer,71
2013-01-08,Lesterville,46,Meadow Heights,60
2013-01-08,Versailles,52,Mexico,79
2013-01-08,Priory,40,MICDS,51
2013-01-08,Roosevelt,18,Miller Career Academy,79
2013-01-08,Hume,11,Montrose,68
2013-01-08,Vienna,58,Mound City,41
2013-01-08,Nixa,85,Neosho,34
2013-01-08,Crocker,48,Newburg,56
2013-01-08,Novinger,49,Newtown-Harris,54
2013-01-08,Brunswick,32,Northeast (Cairo),80
2013-01-08,Carnahan,68,Northwest (Cedar Hill),65
2013-01-08,Hale,48,Northwestern (Mendon),72
2013-01-08,St. Vincent,32,Notre Dame (Cape Girardeau),67
2013-01-08,Leopold,69,Oak Ridge,42
2013-01-08,Seckman,42,Oakville,63
2013-01-08,St. Pius X (Kansas City),55,O'Hara,47
2013-01-08,Buffalo,50,Osage,55
2013-01-08,Stewartsville,60,Osborn,55
2013-01-08,Webb City,69,Ozark,55
2013-01-08,Central (Cape Girardeau),48,Pacific,39
2013-01-08,Hannibal,68,Palmyra,63
2013-01-08,Marquette,42,Parkway Central,36
2013-01-08,Webster Groves,56,Parkway South,45
2013-01-08,Lafayette (Wildwood),41,Parkway West,44
2013-01-08,Riverview Gardens,56,Pattonville,39
2013-01-08,West Platte,57,Penney,25
2013-01-08,New Heights Christian,26,Pierce City,51
2013-01-08,New Franklin,63,Pilot Grove,57
2013-01-08,Oak Park,84,Platte County,37
2013-01-08,Doniphan,60,Poplar Bluff,72
2013-01-08,Tuscumbia,42,Prairie Home,55
2013-01-08,North Harrison,60,Putnam County,74
2013-01-08,Ruskin,42,Raymore-Peculiar,46
2013-01-08,Springfield Catholic,46,Reeds Spring,54
2013-01-08,Carthage,41,Republic,81
2013-01-08,Hazelwood West,40,Ritenour,53
2013-01-08,Hillcrest,69,Rolla,46
2013-01-08,Webb City,50,Salem,58
2013-01-08,Miller,56,Sarcoxie,55
2013-01-08,Fort Osage,43,Savannah,42
2013-01-08,Valle Catholic,62,Saxony Lutheran,53
2013-01-08,East Prairie,61,Scott County Central,98
2013-01-08,Purdy,46,Seneca,49
2013-01-08,Fayette,64,Salem,44
2013-01-08,Tipton,66,Smithton,47
2013-01-08,Pembroke Hill,39,Sparta,67
2013-01-08,Lincoln College Prep,72,Southeast,54
2013-01-08,Duchesne,54,Webster Groves,22
2013-01-08,William Chrisman,75,Staley,59
2013-01-08,Vienna,58,Warsaw,22
2013-01-08,Cole Camp,69,Willard,50
2013-01-08,Spokane,27,Winona,65
2013-01-08,Verona,45,Thomas Jefferson Independent Day,38
2013-01-08,Gilman City,59,Tri-County,35
2013-01-08,John F. Kennedy,59,Trinity Catholic,68
2013-01-08,Francis Howell North,60,Troy Buchanan,55
2013-01-08,Cuba,62,Tarkio,59
2013-01-08,Bismarck,73,Valley,31
2013-01-08,Father Tolton,60,Van-Far,53
2013-01-08,St. Dominic,40,Veritas Christian Academy,37
2013-01-08,Cameron,55,Warrensburg,48
2013-01-08,Orchard Farm,60,Warrenton,47
2013-01-08,Sweet Springs,39,Wellington-Napoleon,59
2013-01-08,Willow Springs,39,West Plains,64
2013-01-08,Ft. Zumwalt East,57,Westminster Christian Academy,73
2013-01-08,Branson,65,Willard,61
2013-01-08,Fox,49,Windsor (Imperial),59
2013-01-08,Jackson,68,Woodland,23
2013-01-08,Oran,78,Zalma,44
2013-01-09,Ruskin,57,Blue Springs South,69
2013-01-09,Wentworth Military Academy,49,Breckenridge,21
2013-01-09,Grundy County,64,Brookfield,54
2013-01-09,Princeton,69,Cainsville,43
2013-01-09,St. Mary's (Independence),59,Carrollton,47
2013-01-09,Christian Brothers College,86,Clayton,39
2013-01-09,Valley Park,59,Crossroads College Preparatory,72
2013-01-09,Weaubleau,45,El Dorado Springs,48
2013-01-09,Lakeland,42,Fair Play,73
2013-01-09,Ladue Horton Watkins,65,Ft. Zumwalt North,50
2013-01-09,Lutheran North,51,Ft. Zumwalt West,37
2013-01-09,Lindbergh,55,Glendale,60
2013-01-09,Mercer,61,Green City,43
2013-01-09,Montgomery County,71,Harrisburg,67
2013-01-09,Bishop DuBourg,52,Herculaneum,19
2013-01-09,New Bloomfield,44,Hermann,63
2013-01-09,Kingsville,31,Hermitage,68
2013-01-09,Stover,42,King City,44
2013-01-09,Lakeland,68,Kingsville,31
2013-01-09,Orrick,50,Maysville,53
2013-01-09,Worth County,46,Mound City,58
2013-01-09,St. Joseph Christian,59,Nodaway-Holt,51
2013-01-09,New Haven,47,North Callaway,43
2013-01-09,Northeast Nodaway,51,North Harrison,61
2013-01-09,St. James,49,Osborn,63
2013-01-09,Plattsburg,53,Penney,50
2013-01-09,McCluer,58,Riverview Gardens,61
2013-01-09,Lee's Summit North,41,Rockhurst,56
2013-01-09,Construction Careers Charter,48,Roosevelt,56
2013-01-09,Sarcoxie,63,Slater,54
2013-01-09,Clark County,38,South Shelby,43
2013-01-09,Whitfield,65,St. Charles West,50
2013-01-09,North County,62,St. Pius X (Festus),67
2013-01-09,Westran,58,Wellsville-Middletown,48
2013-01-09,College Preparatory,61,The Fulton School,41
2013-01-09,South Pemiscot,54,Winfield,71
2013-01-10,Leopold,71,Advance,60
2013-01-10,South Callaway,56,Appleton City,48
2013-01-10,Macon County with Bucklin,54,Atlanta,58
2013-01-10,Springfield Catholic,37,Aurora,58
2013-01-10,Calhoun,48,Ballard,58
2013-01-10,Clinton,46,Belton,54
2013-01-10,Tri-County,72,Bosworth,56
2013-01-10,Louisiana,53,Bowling Green,36
2013-01-10,Golden City,73,Bronaugh,56
2013-01-10,Kearney,52,Cameron,42
2013-01-10,Everton,59,Dadeville,57
2013-01-10,Stewartsville,36,DeKalb,50
2013-01-10,Polo,59,East Buchanan,69
2013-01-10,Clarkton,61,East Prairie,57
2013-01-10,Riverview Gardens,73,Eureka,56
2013-01-10,Hartville,57,Forsyth,24
2013-01-10,Versailles,65,Fulton,40
2013-01-10,West Platte,59,Gallatin,47
2013-01-10,Northeast (Cairo),55,Glasgow,39
2013-01-10,Pembroke Hill,28,Grain Valley,41
2013-01-10,New Bloomfield,48,Harrisburg,68
2013-01-10,Duchesne,81,Hazelwood West,51
2013-01-10,Helias Catholic,30,Hillcrest,63
2013-01-10,Verona,47,Hurley,61
2013-01-10,Miller Career Academy,56,Jackson,59
2013-01-10,Hillcrest,63,Jefferson City,30
2013-01-10,Chaminade College Prep,68,Jennings,57
2013-01-10,Barat Academy,39,John F. Kennedy,47
2013-01-10,Normandy Collaborative,70,Kirkwood,68
2013-01-10,Norwood,69,Koshkonong,36
2013-01-10,Marion County,50,La Plata,49
2013-01-10,Fort Osage,59,Lafayette (St. Joseph),74
2013-01-10,Richmond,51,Lawson,62
2013-01-10,Osceola,70,Leeton,45
2013-01-10,Walnut Grove,31,Liberal,47
2013-01-10,Rockwood Summit,54,Lindbergh,23
2013-01-10,Newtown-Harris,59,Linn County,62
2013-01-10,Jasper,62,Lockwood,57
2013-01-10,Knob Noster,52,Lone Jack,41
2013-01-10,Gainesville,62,Lutie,27
2013-01-10,South Shelby,69,Macks Creek,58
2013-01-10,Pilot Grove,87,Malta Bend,40
2013-01-10,Oak Grove,46,Marshall,43
2013-01-10,Hazelwood East,62,McCluer South-Berkeley,55
2013-01-10,Fatima,51,Mexico,42
2013-01-10,Adrian,51,Miami (Amoret),32
2013-01-10,Novinger,46,Milan,50
2013-01-10,Eldon,39,Moberly,40
2013-01-10,Rich Hill,66,Montrose,38
2013-01-10,Vienna,42,North Andrew,35
2013-01-10,Savannah,53,North Kansas City,46
2013-01-10,Metro,32,North Technical,56
2013-01-10,Pleasant Hill,52,Odessa,68
2013-01-10,Southwest Early College,40,Parkview,75
2013-01-10,Trenton,66,Putnam County,64
2013-01-10,St. Elizabeth,64,Ridgeway,56
2013-01-10,East (Kansas City),52,Rock Bridge,76
2013-01-10,Branson,66,Savannah,37
2013-01-10,Summit Christian Academy,35,Sparta,75
2013-01-10,West Plains,30,Soldan International Studies,65
2013-01-10,Boonville,62,Southern Boone,63
2013-01-10,St. Clair,50,St. Charles,58
2013-01-10,Ft. Zumwalt East,43,St. Francis Borgia,64
2013-01-10,Houston,51,Wright City,45
2013-01-10,Lathrop,53,Versailles,49
2013-01-10,Benton,42,Warrensburg,59
2013-01-10,Wheatland,61,Warsaw,78
2013-01-10,Calvary Lutheran,47,Wellsville-Middletown,58
2013-01-10,Grandview,55,Winnetonka,59
2013-01-10,Father Tolton,48,Wright City,34
2013-01-11,Montrose,40,Appleton City,52
2013-01-11,Bismarck,59,Arcadia Valley,51
2013-01-11,Dora,69,Bakersfield,42
2013-01-11,Midway,21,Barstow,54
2013-01-11,Washington,59,Bayless,48
2013-01-11,Grain Valley,51,Belton,43
2013-01-11,Dexter,54,Bernie,53
2013-01-11,Brashear,33,Bevier,71
2013-01-11,Crane,53,Billings,84
2013-01-11,Malden,64,Bloomfield,60
2013-01-11,Rock Bridge,68,Branson,54
2013-01-11,Madison,51,Brunswick,53
2013-01-11,Drexel,55,Butler,32
2013-01-11,Willow Springs,42,Cabool,63
2013-01-11,Northeast Nodaway,67,Cainsville,33
2013-01-11,Risco,83,Campbell,41
2013-01-11,John F. Kennedy,37,Cardinal Ritter,61
2013-01-11,Central (New Madrid County),52,Central (Cape Girardeau),49
2013-01-11,Ste. Genevieve,50,Central (Park Hills),65
2013-01-11,Willard,68,Central (Springfield),46
2013-01-11,Duchesne,41,Chaminade College Prep,50
2013-01-11,Wentworth Military Academy,23,Chillicothe,53
2013-01-11,Ft. Zumwalt North,56,Clayton,53
2013-01-11,Gateway,71,Cleveland NJROTC,38
2013-01-11,Galena,23,Clever,60
2013-01-11,Pembroke Hill,42,Clinton,32
2013-01-11,Lone Jack,34,Concordia,57
2013-01-11,Roosevelt,55,Confluence Prep Academy Charter,59
2013-01-11,Wellington-Napoleon,60,Crest Ridge,56
2013-01-11,Brentwood,56,Crossroads College Preparatory,53
2013-01-11,Warsaw,36,Cuba,67
2013-01-11,Miller,49,Diamond,61
2013-01-11,Naylor,53,Doniphan,63
2013-01-11,Couch,56,East Carter,67
2013-01-11,Southwest Early College,54,Eldon,48
2013-01-11,Lesterville,61,Ellington,50
2013-01-11,Linn,53,Eugene,69
2013-01-11,Kirkwood,52,Eureka,55
2013-01-11,Golden City,47,Everton,69
2013-01-11,Bishop LeBlond,39,Excelsior Springs,55
2013-01-11,Springfield Catholic,57,Fair Grove,59
2013-01-11,North County,38,Farmington,72
2013-01-11,Schuyler County,60,Fayette,30
2013-01-11,Union,29,Fordland,59
2013-01-11,Westminster Christian Academy,83,Francis Howell Central,59
2013-01-11,Potosi,36,Fredericktown,49
2013-01-11,Holt,56,Ft. Zumwalt South,62
2013-01-11,St. Charles West,57,Ft. Zumwalt West,47
2013-01-11,Clarkton,65,Gideon,53
2013-01-11,Northeast (Cairo),55,Glasgow,39
2013-01-11,Halfway,49,Greenwood,64
2013-01-11,Milan,45,Grundy County,46
2013-01-11,Osage,47,Hallsville,74
2013-01-11,New Bloomfield,48,Harrisburg,68
2013-01-11,Caruthersville,65,Hayti,72
2013-01-11,Jennings,67,Hazelwood West,61
2013-01-11,Montgomery County,24,Hermann,52
2013-01-11,Atlanta,58,Higbee,33
2013-01-11,Kirksville,53,Highland,59
2013-01-11,Lexington,44,Holden,53
2013-01-11,Bolivar,68,Hollister,41
2013-01-11,Northeast Vernon County,33,Hume,41
2013-01-11,Rockwood Summit,51,Jackson,67
2013-01-11,Prairie Home,56,Jamestown,47
2013-01-11,Camdenton,46,Joplin,60
2013-01-11,Valley,48,Kingston,49
2013-01-11,Norwood,69,Koshkonong,36
2013-01-11,Christian Brothers College,58,Ladue Horton Watkins,60
2013-01-11,Mehlville,21,Lafayette (Wildwood),61
2013-01-11,Cassville,49,Lamar,70
2013-01-11,St. James,70,Laquey,30
2013-01-11,Webb City,65,Lebanon,28
2013-01-11,Central (St. Joseph),57,Lee's Summit,54
2013-01-11,Raymore-Peculiar,32,Lee's Summit West,51
2013-01-11,Marquand-Zion,41,Leopold,121
2013-01-11,Thayer,40,Liberty (Mountain View),60
2013-01-11,Center,59,Lincoln College Prep,44
2013-01-11,Miller Career Academy,49,Lindbergh,26
2013-01-11,University City,62,Lindbergh,54
2013-01-11,Clark County,54,Louisiana,56
2013-01-11,Whitfield,27,Lutheran North,36
2013-01-11,Trinity Catholic,54,Lutheran St. Charles,57
2013-01-11,Northwestern (Mendon),46,Macon County with Bucklin,45
2013-01-11,Climax Springs,13,Marion C. Early,47
2013-01-11,Clopton,47,Marion County,50
2013-01-11,Pleasant Hope,26,Marionville,45
2013-01-11,Monroe City,53,Mark Twain,56
2013-01-11,Parkway South,38,Marquette,58
2013-01-11,North Platte,32,Maysville,36
2013-01-11,Verona,58,McAuley Catholic,57
2013-01-11,Ritenour,60,McCluer North,63
2013-01-11,Nevada,56,McDonald County,42
2013-01-11,La Plata,31,Meadville,51
2013-01-11,John Burroughs,40,MICDS,38
2013-01-11,Parkview,38,Moberly,30
2013-01-11,King City,39,Mound City,27
2013-01-11,East Newton,31,Mt. Vernon,58
2013-01-11,Chadwick,32,New Covenant Academy,77
2013-01-11,Worth County,54,New Franklin,49
2013-01-11,Hurley,72,Niangua,42
2013-01-11,Riverview Gardens,75,Normandy Collaborative,68
2013-01-11,Princeton,52,North Harrison,50
2013-01-11,Benton,53,North Kansas City,59
2013-01-11,Northwest (Cedar Hill),35,Oakville,77
2013-01-11,Elsberry,46,Orchard Farm,40
2013-01-11,Union Star,35,Osborn,32
2013-01-11,Logan-Rogersville,72,Ozark,68
2013-01-11,Salem,41,Paris,45
2013-01-11,Staley,45,Park Hill South,60
2013-01-11,Parkway Central,48,Parkway North,44
2013-01-11,Winnetonka,68,Platte County,46
2013-01-11,St. Mary's (Independence),54,Plattsburg,41
2013-01-11,Summersville,49,Portageville,65
2013-01-11,Lutheran South,67,Principia,49
2013-01-11,Pierce City,56,Purdy,67
2013-01-11,Blue Springs,69,Raytown South,63
2013-01-11,Marshfield,56,Republic,67
2013-01-11,Advance,85,Richland (Essex),77
2013-01-11,Blue Springs South,58,Rockhurst,52
2013-01-11,Mountain Grove,36,Salem,61
2013-01-11,Warrensburg,57,Savannah,55
2013-01-11,Marceline,56,Schuyler County,13
2013-01-11,Charleston,84,Scott County Central,67
2013-01-11,Maplewood-Richmond Hts.,70,Sikeston,66
2013-01-11,Van-Far,40,South Pemiscot,60
2013-01-11,East (Kansas City),78,Savannah,44
2013-01-11,Cole Camp,74,Smithton,43
2013-01-11,Greenville,44,Stanberry,83
2013-01-11,Fatima,75,Southern Boone,52
2013-01-11,Reeds Spring,51,Spokane,42
2013-01-11,Webster Groves,36,St. Dominic,45
2013-01-11,Herculaneum,41,St. Pius X (Festus),80
2013-01-11,Oran,64,St. Vincent,46
2013-01-11,Blue Eye,45,Winona,58
2013-01-11,Rolla,44,Webb City,56
2013-01-11,Scott County Central,55,Sweet Springs,51
2013-01-11,Exeter,51,Thomas Jefferson Independent Day,43
2013-01-11,Francis Howell North,55,Timberland,71
2013-01-11,Northwest (Hughesville),27,Tipton,58
2013-01-11,Poplar Bluff,71,St. Clair,47
2013-01-11,McKinley Classical Leadership,25,Waynesville,62
2013-01-11,California,61,Versailles,49
2013-01-11,SLUH,34,Vianney,52
2013-01-11,Bourbon,42,Vienna,59
2013-01-11,Helias Catholic,47,Waynesville,55
2013-01-11,Parkway West,40,Webster Groves,43
2013-01-11,Community,55,Wellsville-Middletown,37
2013-01-11,Kickapoo,74,West Plains,64
2013-01-11,DeSoto,44,Windsor (Imperial),42
2013-01-11,Warrenton,36,Winfield,53
2013-01-11,Meadow Heights,59,Woodland,62
2013-01-11,Oak Ridge,73,Zalma,57
2013-01-12,North Andrew,56,Albany,62
2013-01-12,Hermitage,51,Ballard,45
2013-01-12,Francis Howell Central,65,Bayless,49
2013-01-12,Mexico,48,Boonville,33
2013-01-12,Thayer,35,Braymer,63
2013-01-12,Fort Osage,53,Cameron,42
2013-01-12,Mark Twain,51,Clopton,50
2013-01-12,Lutheran (Kansas City),44,DeKalb,49
2013-01-12,Norwood,51,Dora,65
2013-01-12,Southwest Early College,52,East (Kansas City),62
2013-01-12,Lathrop,26,East Buchanan,38
2013-01-12,Westran,34,El Dorado Springs,43
2013-01-12,Jennings,71,Eureka,59
2013-01-12,Lutie,37,Forsyth,56
2013-01-12,St. Dominic,52,Francis Howell,23
2013-01-12,Hartville,70,Gainesville,52
2013-01-12,Richmond,61,Gallatin,35
2013-01-12,Newtown-Harris,51,Green City,47
2013-01-12,Hazelwood Central,58,Hazelwood East,50
2013-01-12,Kirkwood,64,Hazelwood West,70
2013-01-12,Hillcrest,73,Jackson,51
2013-01-12,Liberal,70,Jasper,60
2013-01-12,Kearney,40,Lafayette (St. Joseph),38
2013-01-12,Leeton,53,Lakeland,46
2013-01-12,West Platte,55,Lawson,43
2013-01-12,Helias Catholic,60,Lindbergh,39
2013-01-12,Mercer,69,Linn County,59
2013-01-12,Walnut Grove,46,Lockwood,28
2013-01-12,Wheatland,73,Macks Creek,63
2013-01-12,Hannibal,65,Marshall,70
2013-01-12,Waynesville,33,Miller Career Academy,42
2013-01-12,Branson,53,Moberly,21
2013-01-12,Sarcoxie,50,New Haven,41
2013-01-12,New Covenant Academy,61,New Heights Christian,31
2013-01-12,Duchesne,41,Normandy Collaborative,42
2013-01-12,Slater,41,North Callaway,63
2013-01-12,Rock Bridge,58,Parkview,55
2013-01-12,Valle Catholic,65,Perryville,83
2013-01-12,Summit Christian Academy,64,Pleasant Hill,70
2013-01-12,Ridgeway,66,Putnam County,64
2013-01-12,South Callaway,45,Rich Hill,52
2013-01-12,Chaminade College Prep,81,Riverview Gardens,75
2013-01-12,St. Joseph Christian,47,Rock Port,42
2013-01-12,Warsaw,55,South Shelby,69
2013-01-12,Eldon,53,Savannah,56
2013-01-12,Fatima,75,Southern Boone,52
2013-01-12,St. Francis Borgia,63,St. Charles,61
2013-01-12,Ft. Zumwalt East,57,St. Clair,62
2013-01-12,St. Elizabeth,63,Trenton,39
2013-01-12,Polo,62,Versailles,64
2013-01-12,Westminster Christian Academy,51,Washington,55
2013-01-13,Northeast (Cairo),66,Hallsville,61
2013-01-14,Confluence Prep Academy Charter,49,Affton,60
2013-01-14,Wright City,57,Alton,80
2013-01-14,Clayton,65,Bayless,61
2013-01-14,St. Charles,71,Belton,40
2013-01-14,Northwestern (Mendon),57,Bevier,52
2013-01-14,West County,75,Bismarck,63
2013-01-14,Cuba,91,Bourbon,51
2013-01-14,Everton,94,Bradleyville,64
2013-01-14,Knox County,68,Brashear,13
2013-01-14,Leeton,78,Calhoun,47
2013-01-14,Neelyville,69,Campbell,52
2013-01-14,Christian Brothers College,90,Cardinal Ritter,66
2013-01-14,North Kansas City,63,Central (Kansas City),66
2013-01-14,Hurley,76,Chadwick,43
2013-01-14,Ellington,33,Clearwater,87
2013-01-14,Barat Academy,44,Clopton,67
2013-01-14,Orrick,36,Concordia,61
2013-01-14,Sweet Springs,59,Cooter,66
2013-01-14,Vienna,58,Crocker,19
2013-01-14,John F. Kennedy,46,Crossroads College Preparatory,59
2013-01-14,Seneca,69,East Prairie,35
2013-01-14,Harrisonville,55,El Dorado Springs,22
2013-01-14,Dadeville,49,Greenfield,48
2013-01-14,Ruskin,49,Hickman,63
2013-01-14,Van-Far,58,Highland,62
2013-01-14,Forsyth,52,Hollister,60
2013-01-14,Ladue Horton Watkins,62,Holt,56
2013-01-14,Tuscumbia,33,Iberia,73
2013-01-14,Diamond,59,Jasper,46
2013-01-14,Wellington-Napoleon,101,Kingsville,14
2013-01-14,Hogan Prep Academy Charter,80,Lafayette (St. Joseph),73
2013-01-14,Lockwood,36,Lamar,53
2013-01-14,Raytown South,73,Lee's Summit,58
2013-01-14,Rock Bridge,48,Lee's Summit North,54
2013-01-14,Southwest Early College,49,Lee's Summit West,83
2013-01-14,Winona,91,Lesterville,32
2013-01-14,Marshall,68,Lexington,44
2013-01-14,Thayer,48,Licking,42
2013-01-14,Lutheran (Kansas City),42,Lone Jack,33
2013-01-14,Sweet Springs,71,Malta Bend,17
2013-01-14,Paris,20,Marceline,54
2013-01-14,Springfield Catholic,69,Marionville,45
2013-01-14,Winfield,51,McCluer South-Berkeley,35
2013-01-14,Canton,63,Monroe City,49
2013-01-14,New Heights Christian,47,Mt. Vernon,32
2013-01-14,West Plains,32,Normandy Collaborative,79
2013-01-14,Community,49,North Callaway,55
2013-01-14,Northeast Nodaway,70,North Nodaway,64
2013-01-14,Mound City,31,North Platte,42
2013-01-14,Windsor,32,Northwest (Hughesville),58
2013-01-14,Winnetonka,52,Oak Park,54
2013-01-14,St. Vincent,38,Oak Ridge,50
2013-01-14,Lift for Life Academy Charter,41,Orchard Farm,44
2013-01-14,Blue Eye,56,Purdy,68
2013-01-14,Blair Oaks,55,Rolla,70
2013-01-14,La Plata,44,Schuyler County,43
2013-01-14,Elsberry,57,South Pemiscot,49
2013-01-14,Maysville,51,St. James,27
2013-01-14,Norborne,39,Thayer,57
2013-01-14,Seneca,61,Tuscumbia,56
2013-01-14,Tarkio,39,St. James,68
2013-01-14,University Academy Charter,46,St. Pius X (Kansas City),68
2013-01-14,McKinley Classical Leadership,48,The Fulton School,35
2013-01-14,Puxico,53,St. Clair,72
2013-01-14,Arcadia Valley,69,Valley,38
2013-01-14,Halfway,50,Weaubleau,55
2013-01-14,Wright City,28,Wellsville-Middletown,42
2013-01-15,Braymer,66,Albany,55
2013-01-15,Valle Catholic,61,Arcadia Valley,57
2013-01-15,Woodland,50,Bell City,68
2013-01-15,Winnetonka,70,Belton,59
2013-01-15,Bloomfield,67,Bernie,73
2013-01-15,Union,53,Billings,82
2013-01-15,John Burroughs,46,Bishop DuBourg,44
2013-01-15,Lawson,37,Bishop LeBlond,43
2013-01-15,Kingston,22,Bismarck,63
2013-01-15,Camdenton,52,Bolivar,63
2013-01-15,Clark County,54,Bowling Green,41
2013-01-15,Niangua,57,Bradleyville,37
2013-01-15,Logan-Rogersville,58,Branson,73
2013-01-15,Stanberry,95,Bunker,29
2013-01-15,St. Mary's (Independence),49,Butler,75
2013-01-15,Koshkonong,33,Cabool,104
2013-01-15,Republic,78,Carl Junction,39
2013-01-15,Reeds Spring,57,Cassville,18
2013-01-15,North Kansas City,63,Central (Kansas City),66
2013-01-15,St. Clair,70,Central (Park Hills),76
2013-01-15,Macon,47,Centralia,49
2013-01-15,Wentworth Military Academy,57,Chilhowee,66
2013-01-15,Trenton,56,Chillicothe,63
2013-01-15,Ellington,33,Clearwater,87
2013-01-15,Harrisonville,60,Clinton,28
2013-01-15,Gainesville,68,Conway,76
2013-01-15,Clever,65,Crane,57
2013-01-15,St. Paul Lutheran (Concordia),57,Crest Ridge,38
2013-01-15,Scott County Central,96,Delta,48
2013-01-15,Van-Far,63,Dixon,81
2013-01-15,Liberty (Mountain View),64,Doniphan,57
2013-01-15,Archie,30,Drexel,70
2013-01-15,Southeast,56,East (Kansas City),70
2013-01-15,Van Buren,60,East Carter,61
2013-01-15,Louisiana,49,Elsberry,59
2013-01-15,Houston,41,Eminence,78
2013-01-15,Oakville,45,Eureka,50
2013-01-15,Sarcoxie,65,Exeter,32
2013-01-15,Crystal City,51,Festus,62
2013-01-15,Walnut Grove,40,Fordland,44
2013-01-15,Timberland,73,Francis Howell,68
2013-01-15,Ft. Zumwalt West,55,Francis Howell North,65
2013-01-15,Ft. Zumwalt South,62,Ft. Zumwalt East,58
2013-01-15,Washington,43,Ft. Zumwalt North,63
2013-01-15,Osage,40,Fulton,55
2013-01-15,Newtown-Harris,55,Gilman City,29
2013-01-15,Lebanon,44,Glendale,67
2013-01-15,Liberal,50,Golden City,30
2013-01-15,Marceline,58,Green City,27
2013-01-15,Windsor,60,Green Ridge,69
2013-01-15,Dadeville,49,Greenfield,48
2013-01-15,Ridgeway,85,Grundy County,73
2013-01-15,Boonville,60,Hannibal,48
2013-01-15,Orrick,30,Hardin-Central,65
2013-01-15,Fayette,52,Harrisburg,58
2013-01-15,Jefferson City,50,Helias Catholic,52
2013-01-15,Salem,48,Hillsboro,51
2013-01-15,Gideon,33,Holcomb,63
2013-01-15,Lutie,37,Hollister,60
2013-01-15,Miami (Amoret),58,Hume,34
2013-01-15,New Covenant Academy,73,Hurley,49
2013-01-15,Chaffee,74,Kelly,41
2013-01-15,Lindbergh,23,Kirkwood,52
2013-01-15,Holden,47,Knob Noster,62
2013-01-15,East Buchanan,10,Lafayette (St. Joseph),59
2013-01-15,Carrollton,30,Lafayette County,59
2013-01-15,Winona,91,Lesterville,32
2013-01-15,MICDS,44,Lutheran North,41
2013-01-15,Paris,48,Madison,25
2013-01-15,Oak Ridge,81,Marquand-Zion,37
2013-01-15,Hillcrest,62,Marshfield,38
2013-01-15,Vienna,45,Maysville,38
2013-01-15,Parkway South,48,Mehlville,36
2013-01-15,Jasper,59,Miller,55
2013-01-15,Metro,26,Miller Career Academy,61
2013-01-15,Brookfield,38,Moberly,65
2013-01-15,Norwood,47,Mountain Grove,24
2013-01-15,Aurora,53,Mt. Vernon,73
2013-01-15,Joplin,65,Neosho,54
2013-01-15,Glasgow,46,New Franklin,35
2013-01-15,Linn,45,New Haven,44
2013-01-15,Union Star,45,Nodaway-Holt,66
2013-01-15,Cainsville,39,North Harrison,61
2013-01-15,Senath-Hornersville,30,North Shelby,53
2013-01-15,Lincoln College Prep,71,Northeast (Kansas City),51
2013-01-15,Lafayette (Wildwood),74,Northwest (Cedar Hill),23
2013-01-15,Smithton,43,Northwest (Hughesville),52
2013-01-15,Meadville,60,Northwestern (Mendon),44
2013-01-15,Odessa,43,Oak Grove,51
2013-01-15,College Preparatory,68,Oakville,57
2013-01-15,Weaubleau,59,Osceola,76
2013-01-15,Sweet Springs,71,Otterville,43
2013-01-15,Mark Twain,54,Palmyra,76
2013-01-15,Marion County,56,Palmyra,23
2013-01-15,West Plains,62,Parkview,83
2013-01-15,St. Charles,58,Parkway Central,51
2013-01-15,Pattonville,63,Parkway North,62
2013-01-15,Wellsville-Middletown,55,Pierce City,60
2013-01-15,Westran,49,Pilot Grove,61
2013-01-15,Dora,67,Plato,49
2013-01-15,Grain Valley,47,Pleasant Hill,61
2013-01-15,Greenwood,68,Pleasant Hope,27
2013-01-15,Gallatin,62,Polo,51
2013-01-15,Viburnum,34,Potosi,67
2013-01-15,Higbee,30,Prairie Home,58
2013-01-15,Priory,41,Principia,63
2013-01-15,Diamond,55,Purdy,39
2013-01-15,Milan,25,Putnam County,78
2013-01-15,El Dorado Springs,64,Rich Hill,62
2013-01-15,Belle,59,Richland,68
2013-01-15,Eugene,68,Sarcoxie,78
2013-01-15,Central (Cape Girardeau),73,Saxony Lutheran,36
2013-01-15,Schuyler County,84,Salem,32
2013-01-15,Calvary Lutheran,24,Slater,73
2013-01-15,Northeast Nodaway,41,Stover,38
2013-01-15,Father Tolton,50,South Shelby,69
2013-01-15,Seneca,61,Tuscumbia,56
2013-01-15,Verona,43,Spokane,50
2013-01-15,Duchesne,49,St. Dominic,44
2013-01-15,Pacific,45,St. Francis Borgia,60
2013-01-15,Hancock,40,Webster Groves,54
2013-01-15,Cameron,66,Staley,35
2013-01-15,North Platte,67,Stewartsville,46
2013-01-15,California,77,Westran,45
2013-01-15,Northeast (Cairo),63,Worth County,51
2013-01-15,Newburg,37,Webb City,71
2013-01-15,Barstow,53,Summit Christian Academy,44
2013-01-15,La Monte,45,Tipton,83
2013-01-15,Veritas Christian Academy,69,Trinity Catholic,68
2013-01-15,Francis Howell Central,49,Troy Buchanan,64
2013-01-15,Crossroads College Preparatory,64,Valley Park,33
2013-01-15,Southern Boone,65,Versailles,50
2013-01-15,De Smet Jesuit,63,Vianney,39
2013-01-15,Montgomery County,68,Warrenton,55
2013-01-15,Eldon,57,Warsaw,79
2013-01-15,Central (Springfield),46,Webb City,78
2013-01-15,Valley,44,West County,77
2013-01-15,Lutheran South,48,Westminster Christian Academy,67
2013-01-15,King City,58,Worth County,53
2013-01-15,Advance,76,Zalma,41
2013-01-16,Winfield,58,Affton,64
2013-01-16,Highland,61,Canton,66
2013-01-16,Hazelwood Central,59,Cardinal Ritter,57
2013-01-16,Park Hill South,91,Central (Kansas City),33
2013-01-16,Pattonville,73,Clayton,41
2013-01-16,Hardin-Central,72,Concordia,59
2013-01-16,Scott County Central,96,Delta,48
2013-01-16,Hazelwood East,67,Gateway,55
2013-01-16,Thomas Jefferson Independent Day,49,Golden City,43
2013-01-16,Raytown South,50,Hickman,72
2013-01-16,Trinity Catholic,45,John F. Kennedy,44
2013-01-16,Chaffee,74,Kelly,41
2013-01-16,La Plata,43,Knox County,57
2013-01-16,Bayless,39,Ladue Horton Watkins,57
2013-01-16,Ruskin,67,Lee's Summit,52
2013-01-16,Lee's Summit West,57,Lee's Summit North,45
2013-01-16,Bunceton,81,Malta Bend,34
2013-01-16,Wellington-Napoleon,48,Marshall,57
2013-01-16,Oakville,58,McCluer,53
2013-01-16,Soldan International Studies,52,McCluer North,61
2013-01-16,Confluence Prep Academy Charter,46,McCluer South-Berkeley,57
2013-01-16,Confluence Prep Academy Charter,37,Metro,52
2013-01-16,Van-Far,41,Monroe City,62
2013-01-16,Orchard Farm,44,North Technical,52
2013-01-16,St. Charles,60,Oak Park,48
2013-01-16,Benton,61,Park Hill,58
2013-01-16,Marquette,54,Parkway West,61
2013-01-16,Pembroke Hill,47,Platte County,52
2013-01-16,Jennings,54,Riverview Gardens,84
2013-01-16,Southwest Early College,47,Rock Bridge,88
2013-01-16,Brashear,24,Schuyler County,32
2013-01-16,Crossroads College Preparatory,78,St. Pius X (Festus),52
2013-01-16,Valle Catholic,60,St. Vincent,73
2013-01-16,Brentwood,56,Whitfield,49
2013-01-17,Notre Dame (Cape Girardeau),49,Advance,62
2013-01-17,Thayer,64,Alton,62
2013-01-17,Drexel,79,Ballard,25
2013-01-17,Carthage,55,Blue Springs,70
2013-01-17,Mark Twain,61,Bowling Green,74
2013-01-17,Father Tolton,81,Brookfield,65
2013-01-17,Seneca,56,Carl Junction,51
2013-01-17,Roosevelt,19,Carnahan,68
2013-01-17,Park Hill South,91,Central (Kansas City),33
2013-01-17,Liberty North,52,Central (St. Joseph),61
2013-01-17,South Shelby,58,Centralia,56
2013-01-17,Oran,65,Chaffee,55
2013-01-17,Winona,58,Clearwater,70
2013-01-17,Hardin-Central,72,Concordia,59
2013-01-17,Wellington-Napoleon,73,Concordia,56
2013-01-17,Archie,45,Crest Ridge,54
2013-01-17,St. Joseph Christian,40,DeKalb,30
2013-01-17,Vienna,48,Dixon,66
2013-01-17,Stanberry,72,East Carter,59
2013-01-17,Liberty (Mountain View),63,Eminence,51
2013-01-17,Niangua,48,Everton,58
2013-01-17,New Heights Christian,29,Exeter,47
2013-01-17,Ava,57,Forsyth,50
2013-01-17,Ft. Zumwalt North,74,Hazelwood West,61
2013-01-17,Missouri School for the Deaf,47,Jamestown,70
2013-01-17,Higbee,40,Keytesville,35
2013-01-17,Raytown,40,Kickapoo,60
2013-01-17,Wentworth Military Academy,54,La Monte,48
2013-01-17,Plattsburg,61,Lathrop,47
2013-01-17,Kingsville,33,Lexington,79
2013-01-17,Summit Christian Academy,53,Liberty,77
2013-01-17,Slater,51,Linn,64
2013-01-17,Adrian,51,Lone Jack,36
2013-01-17,Community,63,Louisiana,60
2013-01-17,Moberly,66,Macon,64
2013-01-17,Bevier,46,Macon County with Bucklin,54
2013-01-17,North Shelby,40,Marion County,34
2013-01-17,Barat Academy,46,Metro,42
2013-01-17,Sarcoxie,56,Mt. Vernon,15
2013-01-17,Westran,57,New Franklin,61
2013-01-17,Missouri Military Academy,21,North Callaway,60
2013-01-17,Winnetonka,64,North Kansas City,49
2013-01-17,St. Clair,67,Northwest (Cedar Hill),43
2013-01-17,Leeton,53,Otterville,51
2013-01-17,Clark County,82,Palmyra,74
2013-01-17,Iberia,67,Richland,57
2013-01-17,Cooter,44,Risco,100
2013-01-17,Newburg,48,Salem,62
2013-01-17,Scott County Central,76,Seneca,72
2013-01-17,Delta (Deering),20,Summersville,66
2013-01-17,Glasgow,43,Sweet Springs,33
2013-01-17,Blair Oaks,73,Tarkio,49
2013-01-17,Soldan International Studies,72,Waynesville,67
2013-01-17,Hogan Prep Academy Charter,69,Warrensburg,60
2013-01-17,Hallsville,72,Warsaw,54
2013-01-17,Bell City,69,Zalma,56
2013-01-18,Osceola,68,Adrian,25
2013-01-18,Gallatin,57,Albany,62
2013-01-18,Winona,52,Ash Grove,33
2013-01-18,Fayette,64,Atlanta,56
2013-01-18,Butler,50,Barstow,55
2013-01-18,Tuscumbia,57,Belle,64
2013-01-18,Marionville,36,Blue Eye,57
2013-01-18,Seneca,68,Blue Springs,71
2013-01-18,Willard,49,Bolivar,42
2013-01-18,Kirksville,44,Boonville,49
2013-01-18,Monroe City,62,Bowling Green,51
2013-01-18,Worth County,68,Braymer,82
2013-01-18,Northwestern (Mendon),61,Breckenridge,18
2013-01-18,Hancock,52,Brentwood,64
2013-01-18,Golden City,51,Bronaugh,44
2013-01-18,Conway,76,Buffalo,48
2013-01-18,West Plains,65,Camdenton,46
2013-01-18,Bishop LeBlond,43,Cameron,56
2013-01-18,Bishop DuBourg,52,Cardinal Ritter,75
2013-01-18,Carthage,60,Carl Junction,57
2013-01-18,Verona,41,Cassville,43
2013-01-18,Oak Park,65,Central (Kansas City),41
2013-01-18,Center,68,Central (St. Joseph),44
2013-01-18,New Covenant Academy,63,Chadwick,25
2013-01-18,Seneca,55,Chaffee,59
2013-01-18,Vianney,68,Christian Brothers College,76
2013-01-18,West Plains,53,Cleveland NJROTC,59
2013-01-18,Mt. Vernon,54,Clever,45
2013-01-18,St. Pius X (Kansas City),60,Clinton,47
2013-01-18,Louisiana,59,Clopton,50
2013-01-18,Northwest (Hughesville),33,Cole Camp,68
2013-01-18,Wellington-Napoleon,73,Concordia,56
2013-01-18,Van-Far,40,Crocker,50
2013-01-18,Chaminade College Prep,71,De Smet Jesuit,59
2013-01-18,Stewartsville,26,DeKalb,62
2013-01-18,Houston,51,Doniphan,76
2013-01-18,Rich Hill,41,Drexel,72
2013-01-18,Northeast (Kansas City),69,East (Kansas City),67
2013-01-18,Winona,66,East Carter,47
2013-01-18,McAuley Catholic,38,East Newton,47
2013-01-18,North Callaway,53,Elsberry,78
2013-01-18,Golden City,47,Everton,69
2013-01-18,Mountain Grove,36,Fair Grove,80
2013-01-18,Central (Park Hills),53,Farmington,59
2013-01-18,Harrisburg,38,Fatima,75
2013-01-18,Smithville,43,Fordland,53
2013-01-18,Billings,59,Forsyth,54
2013-01-18,Francis Howell Central,72,Francis Howell North,41
2013-01-18,Holt,70,Ft. Zumwalt East,56
2013-01-18,Washington,40,Ft. Zumwalt South,55
2013-01-18,Timberland,69,Ft. Zumwalt West,61
2013-01-18,Bakersfield,26,Gainesville,63
2013-01-18,North Harrison,52,Gilman City,22
2013-01-18,Excelsior Springs,48,Grain Valley,46
2013-01-18,Jefferson (Festus),69,Grandview (Hillsboro),42
2013-01-18,Willard,58,Green Ridge,66
2013-01-18,Lockwood,58,Greenfield,61
2013-01-18,Mercer,70,Grundy County,52
2013-01-18,Ritenour,48,Hazelwood Central,60
2013-01-18,Fulton,41,Helias Catholic,48
2013-01-18,Lee's Summit West,67,Hickman,65
2013-01-18,Webb City,56,Hillsboro,43
2013-01-18,Calvary Lutheran,24,Jamestown,41
2013-01-18,El Dorado Springs,46,Jasper,76
2013-01-18,Normandy Collaborative,53,Jennings,56
2013-01-18,Crossroads College Preparatory,63,John Burroughs,57
2013-01-18,Lafayette (St. Joseph),56,Kearney,27
2013-01-18,Sikeston,84,Kennett,80
2013-01-18,Glasgow,92,Keytesville,18
2013-01-18,Liberty,41,Kickapoo,54
2013-01-18,Arcadia Valley,70,Kingston,40
2013-01-18,Webster Groves,62,Kirkwood,49
2013-01-18,Carrollton,30,Knob Noster,57
2013-01-18,Marion County,71,La Plata,56
2013-01-18,McCluer South-Berkeley,44,Ladue Horton Watkins,90
2013-01-18,SLUH,54,Lafayette (Wildwood),46
2013-01-18,Richmond,49,Lafayette County,72
2013-01-18,Wheatland,70,Lakeland,76
2013-01-18,Dadeville,45,Lamar,68
2013-01-18,Bourbon,36,Laquey,62
2013-01-18,Savannah,67,Lebanon,55
2013-01-18,Southwest Early College,38,Lee's Summit,63
2013-01-18,Raytown South,41,Lee's Summit North,57
2013-01-18,Montrose,39,Leeton,69
2013-01-18,Orrick,45,Lexington,57
2013-01-18,Wright City,24,Licking,70
2013-01-18,Southeast,51,Lincoln College Prep,82
2013-01-18,Mehlville,29,Lindbergh,36
2013-01-18,New Bloomfield,46,Linn,70
2013-01-18,Principia,41,Lutheran North,46
2013-01-18,Priory,52,Lutheran South,67
2013-01-18,Webster Groves,41,Lutheran St. Charles,57
2013-01-18,New Franklin,53,Madison,29
2013-01-18,Westran,41,Marceline,54
2013-01-18,Crane,63,Marion C. Early,42
2013-01-18,Poplar Bluff,74,Marshfield,65
2013-01-18,St. Elizabeth,63,Maysville,49
2013-01-18,College Preparatory,81,McCluer,49
2013-01-18,Archie,51,Miami (Amoret),40
2013-01-18,Westminster Christian Academy,60,MICDS,48
2013-01-18,Appleton City,52,Midway,60
2013-01-18,St. Clair,53,Neelyville,43
2013-01-18,North Nodaway,24,Nodaway-Holt,69
2013-01-18,Northeast Nodaway,42,North Andrew,45
2013-01-18,Fredericktown,56,North County,65
2013-01-18,Schuyler County,85,Northeast (Cairo),64
2013-01-18,Fox,53,Northwest (Cedar Hill),41
2013-01-18,Hartville,61,Norwood,30
2013-01-18,Saxony Lutheran,63,Notre Dame (Cape Girardeau),77
2013-01-18,Green City,54,Novinger,44
2013-01-18,Pleasant Hill,60,Oak Grove,59
2013-01-18,Greenville,16,Oak Ridge,59
2013-01-18,Harrisonville,58,Odessa,40
2013-01-18,Scott County Central,64,Oran,90
2013-01-18,St. Charles,60,Orchard Farm,41
2013-01-18,Pembroke Hill,46,Park Hill,64
2013-01-18,St. Charles,52,Park Hill South,50
2013-01-18,Rockwood Summit,61,Parkway Central,51
2013-01-18,Eureka,51,Parkway South,68
2013-01-18,University City,46,Parkway West,57
2013-01-18,McCluer North,61,Pattonville,66
2013-01-18,North Platte,56,Penney,55
2013-01-18,Greenwood,51,Pierce City,39
2013-01-18,Benton,55,Platte County,46
2013-01-18,Lawson,67,Plattsburg,42
2013-01-18,Wellsville-Middletown,50,Pleasant Hope,27
2013-01-18,Springfield Catholic,61,Purdy,63
2013-01-18,Bernie,67,Puxico,63
2013-01-18,East (Kansas City),55,Raymore-Peculiar,51
2013-01-18,Summit Christian Academy,42,Raytown,55
2013-01-18,Spokane,21,Reeds Spring,44
2013-01-18,Zalma,46,Richland (Essex),76
2013-01-18,Hazelwood East,67,Riverview Gardens,72
2013-01-18,Rock Bridge,60,Ruskin,49
2013-01-18,Prairie Home,57,Sarcoxie,58
2013-01-18,St. Paul Lutheran (Concordia),47,Scott County Central,15
2013-01-18,Maryville,37,Savannah,40
2013-01-18,Senath-Hornersville,45,Schuyler County,38
2013-01-18,Summersville,85,Senath-Hornersville,59
2013-01-18,Macks Creek,54,South Shelby,68
2013-01-18,Eldon,53,Southern Boone,67
2013-01-18,John F. Kennedy,48,St. Francis Borgia,59
2013-01-18,Rolla,45,St. James,58
2013-01-18,Herculaneum,33,St. Vincent,54
2013-01-18,Sparta,63,Staley,37
2013-01-18,King City,54,Vienna,50
2013-01-18,Potosi,36,Ste. Genevieve,57
2013-01-18,Viburnum,29,Warsaw,53
2013-01-18,Brunswick,40,Worth County,90
2013-01-18,Lone Jack,24,Sweet Springs,56
2013-01-18,Ridgeway,73,Tri-County,48
2013-01-18,St. Dominic,62,Trinity Catholic,53
2013-01-18,Francis Howell,42,Troy Buchanan,60
2013-01-18,Newburg,42,Tarkio,47
2013-01-18,Valle Catholic,58,Valley,20
2013-01-18,Duchesne,77,Veritas Christian Academy,52
2013-01-18,California,45,Versailles,49
2013-01-18,St. Charles West,59,Warrenton,42
2013-01-18,Jefferson City,49,Waynesville,53
2013-01-18,Walnut Grove,49,Weaubleau,46
2013-01-18,Missouri Military Academy,11,Wellsville-Middletown,53
2013-01-18,Couch,50,Willow Springs,57
2013-01-18,Tipton,64,Windsor,45
2013-01-18,Bloomfield,64,Woodland,41
2013-01-19,North Technical,72,Affton,46
2013-01-19,Eminence,62,Alton,66
2013-01-19,Crocker,46,Belle,61
2013-01-19,Carl Junction,65,Blue Springs,78
2013-01-19,Rockhurst,46,Blue Springs South,44
2013-01-19,Monroe City,62,Bowling Green,51
2013-01-19,Vianney,86,Branson,75
2013-01-19,Humansville,84,Calhoun,43
2013-01-19,Seckman,42,Camdenton,59
2013-01-19,Clark County,49,Canton,67
2013-01-19,Seneca,53,Carthage,71
2013-01-19,Blue Eye,58,Cassville,33
2013-01-19,Kickapoo,56,Center,51
2013-01-19,Liberty,62,Central (St. Joseph),47
2013-01-19,Father Tolton,62,Centralia,60
2013-01-19,Stanberry,64,Clearwater,70
2013-01-19,Worth County,35,Community,46
2013-01-19,Winona,73,Crystal City,52
2013-01-19,Pierce City,52,Dadeville,40
2013-01-19,Iberia,75,Dixon,72
2013-01-19,Licking,60,Doniphan,78
2013-01-19,New Covenant Academy,81,Everton,69
2013-01-19,South Nodaway,57,Fordland,56
2013-01-19,East (Kansas City),68,Grandview,73
2013-01-19,Wellsville-Middletown,27,Greenfield,37
2013-01-19,Marshall,45,Hardin-Central,40
2013-01-19,Risco,42,Hayti,67
2013-01-19,Ozark,68,Hazelwood Central,80
2013-01-19,Pacific,44,Helias Catholic,56
2013-01-19,Rolla,65,Hillsboro,56
2013-01-19,Niangua,55,Hurley,41
2013-01-19,Summersville,66,Kennett,77
2013-01-19,North Shelby,57,Knox County,55
2013-01-19,Greenwood,41,Lamar,69
2013-01-19,Wheaton,54,Liberal,65
2013-01-19,Thayer,42,Liberty (Mountain View),68
2013-01-19,Central (Cape Girardeau),48,Logan-Rogersville,55
2013-01-19,Brookfield,45,Macon,91
2013-01-19,Verona,39,Marionville,53
2013-01-19,Lift for Life Academy Charter,69,McCluer South-Berkeley,62
2013-01-19,Warrensburg,34,Mexico,50
2013-01-19,South Shelby,37,Moberly,52
2013-01-19,Exeter,51,Mt. Vernon,24
2013-01-19,Sparta,55,Odessa,41
2013-01-19,Winfield,53,Orchard Farm,58
2013-01-19,Highland,52,Palmyra,77
2013-01-19,St. Vincent,50,Perryville,41
2013-01-19,Reeds Spring,52,Purdy,44
2013-01-19,Liberty North,49,Raytown,31
2013-01-19,Vienna,56,Richland,58
2013-01-19,Lee's Summit North,41,Rockhurst,46
2013-01-19,Blair Oaks,57,Salem,49
2013-01-19,New Heights Christian,44,Sarcoxie,78
2013-01-19,Springfield Catholic,57,Spokane,56
2013-01-19,Tuscumbia,48,Van-Far,54
2013-01-19,Webb City,55,St. James,62
2013-01-21,Barstow,57,Adrian,29
2013-01-21,Richland (Essex),38,Advance,82
2013-01-21,Couch,48,Alton,79
2013-01-21,Lakeland,59,Appleton City,36
2013-01-21,Marshfield,77,Aurora,42
2013-01-21,Brunswick,50,Bevier,62
2013-01-21,Fordland,66,Buffalo,59
2013-01-21,Eminence,69,Bunker,30
2013-01-21,Ridgeway,76,Cainsville,33
2013-01-21,Jennings,59,Carnahan,65
2013-01-21,Everton,93,Chadwick,39
2013-01-21,Warsaw,82,Conway,69
2013-01-21,Westran,34,Crane,88
2013-01-21,St. Clair,48,Crystal City,34
2013-01-21,Parkway West,62,DeSoto,47
2013-01-21,Woodland,31,Dexter,63
2013-01-21,Hume,15,Drexel,90
2013-01-21,Winona,91,Ellington,37
2013-01-21,Pilot Grove,52,Fayette,70
2013-01-21,Union,38,Forsyth,53
2013-01-21,Polo,40,Gallatin,84
2013-01-21,Portageville,71,Gideon,50
2013-01-21,Rockhurst,72,Grandview,41
2013-01-21,St. Vincent,63,Grandview (Hillsboro),50
2013-01-21,East Carter,69,Greenville,58
2013-01-21,Linn County,58,Grundy County,31
2013-01-21,Versailles,56,Hallsville,59
2013-01-21,Parkway South,27,Hazelwood Central,45
2013-01-21,Macks Creek,57,Hermitage,53
2013-01-21,Malta Bend,38,Jamestown,86
2013-01-21,Thayer,46,Keytesville,12
2013-01-21,De Smet Jesuit,60,Lafayette (Wildwood),58
2013-01-21,Salem,35,Lafayette County,72
2013-01-21,Norborne,74,Madison,68
2013-01-21,Sacred Heart,59,Marshall,56
2013-01-21,Cardinal Ritter,54,McCluer North,48
2013-01-21,Northwestern (Mendon),39,Mercer,64
2013-01-21,Sweet Springs,72,Miami (Amoret),34
2013-01-21,North Platte,45,Mid-Buchanan,50
2013-01-21,St. James,19,North Andrew,86
2013-01-21,Hardin-Central,66,Osborn,33
2013-01-21,Jefferson (Festus),32,Pacific,71
2013-01-21,St. Francis Borgia,56,Parkway Central,52
2013-01-21,Holt,54,Pattonville,67
2013-01-21,Richmond,69,Penney,38
2013-01-21,Tri-County,33,Princeton,76
2013-01-21,Raytown South,54,Raytown,44
2013-01-21,Troy Buchanan,61,Ritenour,45
2013-01-21,Willow Springs,60,Salem,54
2013-01-21,St. Joseph Christian,45,Vienna,50
2013-01-21,Richland,69,Warsaw,36
2013-01-21,Van Buren,76,Wright City,40
2013-01-21,Pleasant Hope,32,Walnut Grove,61
2013-01-21,Nodaway-Holt,68,Worth County,61
2013-01-22,Richland (Essex),37,Advance,82
2013-01-22,Valley,44,Arcadia Valley,82
2013-01-22,Butler,46,Archie,12
2013-01-22,Walnut Grove,41,Ash Grove,57
2013-01-22,Laquey,63,Ava,75
2013-01-22,Leeton,58,Ballard,47
2013-01-22,Bernie,86,Bell City,59
2013-01-22,Veritas Christian Academy,54,Bishop DuBourg,62
2013-01-22,Southern Boone,54,Blair Oaks,61
2013-01-22,Puxico,66,Bloomfield,72
2013-01-22,Raymore-Peculiar,33,Blue Springs South,62
2013-01-22,Marceline,81,Bosworth,10
2013-01-22,Warsaw,42,Bourbon,36
2013-01-22,Clopton,45,Bowling Green,51
2013-01-22,Southeast,54,Braymer,63
2013-01-22,Maplewood-Richmond Hts.,74,Brentwood,39
2013-01-22,Fordland,66,Buffalo,59
2013-01-22,Jamestown,70,Bunceton,65
2013-01-22,Willow Springs,57,Cabool,41
2013-01-22,Kingsville,48,Calhoun,77
2013-01-22,Ozark,67,Camdenton,36
2013-01-22,McDonald County,40,Carthage,72
2013-01-22,Charleston,104,Caruthersville,68
2013-01-22,St. Pius X (Kansas City),63,Center,72
2013-01-22,Perryville,22,Central (Cape Girardeau),69
2013-01-22,Northeast (Kansas City),62,Central (Kansas City),47
2013-01-22,Joplin,65,Central (Springfield),49
2013-01-22,Lutheran North,54,Chaminade College Prep,56
2013-01-22,La Monte,41,Chilhowee,57
2013-01-22,Cameron,58,Chillicothe,40
2013-01-22,Barat Academy,38,Clayton,52
2013-01-22,Blue Eye,42,Clever,74
2013-01-22,Osceola,78,Climax Springs,35
2013-01-22,South Nodaway,78,Clinton,62
2013-01-22,Senath-Hornersville,74,Cooter,42
2013-01-22,Smithton,45,Crest Ridge,55
2013-01-22,Bayless,39,Crossroads College Preparatory,46
2013-01-22,Maysville,24,DeKalb,29
2013-01-22,Fatima,69,Dixon,65
2013-01-22,Gainesville,63,Dora,50
2013-01-22,John F. Kennedy,44,Duchesne,57
2013-01-22,Van-Far,39,Elsberry,43
2013-01-22,Rockwood Summit,52,Eureka,35
2013-01-22,North Callaway,55,Father Tolton,60
2013-01-22,Northwest (Cedar Hill),61,Festus,55
2013-01-22,Ft. Zumwalt East,60,Francis Howell,67
2013-01-22,Ft. Zumwalt West,75,Francis Howell Central,73
2013-01-22,Francis Howell North,65,Ft. Zumwalt North,68
2013-01-22,New Covenant Academy,78,Galena,53
2013-01-22,West Plains,63,Gateway,75
2013-01-22,Risco,79,Gideon,59
2013-01-22,Union Star,50,Gilman City,43
2013-01-22,Scott County Central,51,Glasgow,54
2013-01-22,Sarcoxie,46,Golden City,45
2013-01-22,O'Hara,57,Grain Valley,39
2013-01-22,Meadville,75,Hale,17
2013-01-22,Fulton,44,Hannibal,59
2013-01-22,Neelyville,45,Hayti,68
2013-01-22,Parkway North,74,Hazelwood East,80
2013-01-22,The Fulton School,37,Herculaneum,56
2013-01-22,Chamois,54,Hermann,40
2013-01-22,Otterville,57,Higbee,20
2013-01-22,Palmyra,77,Highland,62
2013-01-22,Versailles,52,Holden,44
2013-01-22,Licking,58,Houston,50
2013-01-22,Parkview,38,Kickapoo,45
2013-01-22,Stewartsville,48,King City,67
2013-01-22,Vianney,71,Kirkwood,45
2013-01-22,Novinger,39,La Plata,49
2013-01-22,Excelsior Springs,69,Lawson,62
2013-01-22,Blue Springs,61,Lee's Summit,62
2013-01-22,Liberty,38,Lee's Summit North,47
2013-01-22,Lamar,47,Liberal,63
2013-01-22,Hartville,67,Liberty (Mountain View),78
2013-01-22,Oak Grove,47,Lincoln College Prep,65
2013-01-22,Seckman,40,Lindbergh,30
2013-01-22,Calvary Lutheran,22,Linn,61
2013-01-22,West Platte,66,Lone Jack,35
2013-01-22,South Pemiscot,46,Louisiana,54
2013-01-22,Bakersfield,46,Lutie,63
2013-01-22,Norborne,74,Madison,68
2013-01-22,Holcomb,67,Malden,42
2013-01-22,Atlanta,44,Marion County,71
2013-01-22,Winfield,72,Mark Twain,45
2013-01-22,Sacred Heart,59,Marshall,56
2013-01-22,Bishop LeBlond,52,Maryville,53
2013-01-22,Normandy Collaborative,64,McCluer,66
2013-01-22,Whitfield,50,McCluer South-Berkeley,44
2013-01-22,Moberly,47,Mexico,56
2013-01-22,Sweet Springs,72,Miami (Amoret),34
2013-01-22,SLUH,44,MICDS,40
2013-01-22,Rich Hill,40,Midway,53
2013-01-22,Jasper,59,Miller,55
2013-01-22,McKinley Classical Leadership,22,Miller Career Academy,80
2013-01-22,Clark County,64,Monroe City,35
2013-01-22,Warrenton,49,Montgomery County,61
2013-01-22,Greenville,28,Naylor,56
2013-01-22,El Dorado Springs,22,Nevada,75
2013-01-22,Schuyler County,70,New Bloomfield,18
2013-01-22,Halfway,30,Niangua,57
2013-01-22,Fort Osage,57,North Kansas City,55
2013-01-22,Raytown,35,Oak Park,49
2013-01-22,Pleasant Hill,69,Odessa,33
2013-01-22,Oak Ridge,43,Oran,73
2013-01-22,St. Charles West,61,Orchard Farm,40
2013-01-22,New Haven,48,Owensville,34
2013-01-22,Worth County,86,Paris,30
2013-01-22,Park Hill,47,Park Hill South,51
2013-01-22,Liberty North,73,Platte County,44
2013-01-22,St. Elizabeth,80,Polo,49
2013-01-22,Webb City,53,Potosi,46
2013-01-22,Westminster Christian Academy,80,Principia,66
2013-01-22,John Burroughs,44,Priory,33
2013-01-22,Thomas Jefferson Independent Day,22,Purdy,54
2013-01-22,Kearney,42,Raytown South,50
2013-01-22,Holt,62,Ritenour,58
2013-01-22,Central (St. Joseph),57,Ruskin,56
2013-01-22,Mountain Grove,38,Salem,50
2013-01-22,Senath-Hornersville,58,Schuyler County,44
2013-01-22,Pierce City,47,Seneca,64
2013-01-22,Weaubleau,61,South Callaway,53
2013-01-22,Jackson,65,Sikeston,77
2013-01-22,University Academy Charter,43,Sparta,69
2013-01-22,New Franklin,57,Slater,64
2013-01-22,Nodaway-Holt,59,Stover,45
2013-01-22,Wright City,18,St. James,76
2013-01-22,Lutheran (Kansas City),51,St. Mary's (Independence),76
2013-01-22,Trinity Catholic,55,Webster Groves,58
2013-01-22,Orrick,23,St. Paul Lutheran (Concordia),58
2013-01-22,Windsor (Imperial),53,St. Pius X (Festus),73
2013-01-22,Sarcoxie,80,Willard,64
2013-01-22,Lathrop,51,Trenton,61
2013-01-22,Lee's Summit West,73,St. Charles,58
2013-01-22,Missouri Military Academy,39,Tuscumbia,63
2013-01-22,Lutheran South,63,Tarkio,55
2013-01-22,Bismarck,65,Valle Catholic,55
2013-01-22,Hancock,61,Valley Park,47
2013-01-22,Cleveland NJROTC,33,Waynesville,67
2013-01-22,Eugene,90,Versailles,83
2013-01-22,Cuba,90,Viburnum,34
2013-01-22,Mehlville,52,Webster Groves,64
2013-01-22,Kingston,46,West County,81
2013-01-22,Winona,57,West Plains,56
2013-01-22,Community,63,Westran,42
2013-01-22,Staley,49,Winnetonka,73
2013-01-22,Meadow Heights,49,Zalma,48
2013-01-23,Archie,43,Adrian,37
2013-01-23,Hermitage,62,Appleton City,50
2013-01-23,Fair Grove,63,Bolivar,78
2013-01-23,Madison,77,Bosworth,33
2013-01-23,Keytesville,53,Brunswick,38
2013-01-23,Gilman City,49,Cainsville,28
2013-01-23,South Callaway,42,Climax Springs,53
2013-01-23,Lafayette (Wildwood),61,DeSoto,33
2013-01-23,Parkway North,56,Francis Howell North,49
2013-01-23,Hazelwood East,78,Ft. Zumwalt North,73
2013-01-23,Logan-Rogersville,44,Glendale,41
2013-01-23,Northwestern (Mendon),58,Grundy County,80
2013-01-23,St. Francis Borgia,29,Hazelwood Central,32
2013-01-23,Prairie Home,57,Higbee,30
2013-01-23,Rich Hill,75,Hume,29
2013-01-23,Fayette,31,Lafayette County,61
2013-01-23,Penney,57,Lathrop,60
2013-01-23,Republic,56,Lebanon,23
2013-01-23,Plattsburg,45,Lone Jack,36
2013-01-23,Stewartsville,28,Maysville,39
2013-01-23,Confluence Prep Academy Charter,37,Metro,52
2013-01-23,Princeton,46,North Harrison,47
2013-01-23,Southeast,40,North Platte,53
2013-01-23,Parkway South,51,Parkway Central,54
2013-01-23,De Smet Jesuit,69,Parkway West,43
2013-01-23,Troy Buchanan,75,Pattonville,62
2013-01-23,Pilot Grove,51,Salem,41
2013-01-23,St. Joseph Christian,50,St. James,17
2013-01-23,North Callaway,60,Southern Boone,66
2013-01-23,Marion C. Early,26,Webb City,63
2013-01-24,Dexter,59,Advance,86
2013-01-24,Seckman,57,Affton,74
2013-01-24,Van Buren,43,Alton,79
2013-01-24,Cassville,48,Aurora,55
2013-01-24,Fordland,58,Ava,50
2013-01-24,Smithton,47,Ballard,52
2013-01-24,Bloomfield,52,Bernie,81
2013-01-24,Thayer,50,Bevier,60
2013-01-24,Winfield,63,Bowling Green,46
2013-01-24,Mid-Buchanan,60,Braymer,48
2013-01-24,Malta Bend,50,Bunceton,63
2013-01-24,Barstow,61,Butler,57
2013-01-24,Salem,43,Cabool,67
2013-01-24,Wentworth Military Academy,55,Calhoun,73
2013-01-24,West Plains,62,Camdenton,55
2013-01-24,Osage,50,Carl Junction,80
2013-01-24,Metro,25,Carnahan,80
2013-01-24,Maplewood-Richmond Hts.,61,Chaminade College Prep,63
2013-01-24,New Haven,34,Chamois,37
2013-01-24,Sweet Springs,69,Chilhowee,39
2013-01-24,Bishop LeBlond,38,Chillicothe,41
2013-01-24,El Dorado Springs,31,Clinton,54
2013-01-24,Mark Twain,35,Clopton,51
2013-01-24,Worth County,68,Community,39
2013-01-24,Hayti,90,Cooter,34
2013-01-24,Warsaw,63,Crane,68
2013-01-24,Leeton,49,Crest Ridge,56
2013-01-24,Vienna,62,Crocker,49
2013-01-24,Jefferson (Festus),50,Crystal City,66
2013-01-24,King City,40,DeKalb,52
2013-01-24,Greenville,58,Doniphan,73
2013-01-24,Midway,70,Drexel,33
2013-01-24,Veritas Christian Academy,70,Eldon,56
2013-01-24,Louisiana,47,Elsberry,44
2013-01-24,Winona,68,Eminence,72
2013-01-24,Nixa,81,Eugene,47
2013-01-24,Sparta,57,Excelsior Springs,40
2013-01-24,Humansville,42,Fair Play,72
2013-01-24,Tarkio,47,Festus,50
2013-01-24,Savannah,61,Fox,50
2013-01-24,St. Elizabeth,51,Gallatin,55
2013-01-24,Sacred Heart,43,Glasgow,36
2013-01-24,Lebanon,49,Glendale,76
2013-01-24,New Heights Christian,43,Golden City,55
2013-01-24,Schuyler County,44,Green City,49
2013-01-24,Northeast Vernon County,40,Halfway,80
2013-01-24,Blair Oaks,69,Harrisburg,47
2013-01-24,Kickapoo,66,Harrisonville,56
2013-01-24,Owensville,44,Hermann,60
2013-01-24,Billings,70,Hogan Prep Academy Charter,82
2013-01-24,Wellington-Napoleon,57,Kingsville,44
2013-01-24,Versailles,43,Knob Noster,54
2013-01-24,Miami (Amoret),39,La Monte,69
2013-01-24,Macks Creek,62,Lakeland,71
2013-01-24,University Academy Charter,48,Lawson,63
2013-01-24,Naylor,54,Lesterville,23
2013-01-24,Winnetonka,66,Lincoln College Prep,65
2013-01-24,Mercer,65,Linn County,61
2013-01-24,Norwood,46,Lutie,48
2013-01-24,Meadville,60,Macon County with Bucklin,52
2013-01-24,Norborne,42,Marceline,58
2013-01-24,Savannah,26,Marquette,57
2013-01-24,Scott County Central,49,Marshall,56
2013-01-24,Fair Grove,61,Marshfield,71
2013-01-24,Cameron,47,Maryville,44
2013-01-24,Bronaugh,65,McAuley Catholic,80
2013-01-24,McCluer,55,McCluer North,50
2013-01-24,Seneca,60,McDonald County,49
2013-01-24,Roosevelt,54,McKinley Classical Leadership,30
2013-01-24,Newtown-Harris,61,Milan,51
2013-01-24,Willow Springs,61,Mountain Grove,45
2013-01-24,South Nodaway,45,Nevada,68
2013-01-24,New Franklin,53,New Bloomfield,33
2013-01-24,Vienna,49,North Andrew,45
2013-01-24,Princeton,46,North Harrison,47
2013-01-24,Lincoln,43,Northwest (Hughesville),40
2013-01-24,Staley,55,Oak Grove,70
2013-01-24,Grain Valley,41,Odessa,54
2013-01-24,Weaubleau,51,Osceola,75
2013-01-24,Prairie Home,42,Otterville,49
2013-01-24,Westran,62,Paris,50
2013-01-24,Liberal,43,Pierce City,44
2013-01-24,O'Hara,56,Pleasant Hill,62
2013-01-24,Union Star,55,Ridgeway,64
2013-01-24,East Prairie,62,Saxony Lutheran,79
2013-01-24,Putnam County,97,Senath-Hornersville,70
2013-01-24,Risco,72,Senath-Hornersville,76
2013-01-24,Van-Far,44,South Pemiscot,52
2013-01-24,Schuyler County,64,Slater,37
2013-01-24,Linn,50,Van-Far,24
2013-01-24,Montgomery County,40,St. James,52
2013-01-24,Tipton,66,Willard,36
2013-01-24,Richmond,59,Trenton,54
2013-01-24,Cole Camp,74,Versailles,61
2013-01-24,Wright City,25,Warrenton,55
2013-01-24,Mt. Vernon,41,Willard,52
2013-01-25,Hume,30,Adrian,64
2013-01-25,Bernie,54,Advance,43
2013-01-25,Rich Hill,42,Archie,46
2013-01-25,Novinger,47,Atlanta,50
2013-01-25,Webb City,57,Aurora,41
2013-01-25,La Monte,72,Ballard,66
2013-01-25,Whitfield,45,Bayless,49
2013-01-25,Oak Park,60,Belton,52
2013-01-25,Eugene,75,Billings,65
2013-01-25,Valley,35,Bismarck,81
2013-01-25,Linn,49,Blair Oaks,59
2013-01-25,Chadwick,29,Blue Eye,66
2013-01-25,Blue Springs South,74,Blue Springs,58
2013-01-25,Parkview,50,Branson,58
2013-01-25,Laquey,52,Buffalo,38
2013-01-25,Hallsville,44,California,63
2013-01-25,Lebanon,49,Camdenton,71
2013-01-25,Webster Groves,50,Cardinal Ritter,57
2013-01-25,Marquette,62,Carl Junction,59
2013-01-25,Marion C. Early,49,Cassville,23
2013-01-25,Poplar Bluff,74,Central (Cape Girardeau),69
2013-01-25,Fredericktown,57,Central (Park Hills),61
2013-01-25,Scott County Central,47,Chaffee,64
2013-01-25,Lawson,43,Chillicothe,40
2013-01-25,McCluer South-Berkeley,44,Clayton,78
2013-01-25,Hancock,53,Cleveland NJROTC,47
2013-01-25,Hermitage,41,Climax Springs,40
2013-01-25,Holden,45,Clinton,50
2013-01-25,St. Paul Lutheran (Concordia),68,Concordia,29
2013-01-25,Westran,61,Conway,91
2013-01-25,Gideon,64,Cooter,50
2013-01-25,Metro,43,Crossroads College Preparatory,70
2013-01-25,Parkway South,58,DeSoto,33
2013-01-25,Bloomfield,37,Dexter,40
2013-01-25,Crocker,48,Dixon,64
2013-01-25,Lindbergh,37,Eureka,56
2013-01-25,Ste. Genevieve,45,Farmington,54
2013-01-25,Hollister,48,Forsyth,46
2013-01-25,Eldon,37,Fox,44
2013-01-25,Ritenour,58,Francis Howell North,57
2013-01-25,St. Charles West,69,Ft. Zumwalt East,53
2013-01-25,Pattonville,74,Ft. Zumwalt North,38
2013-01-25,Francis Howell,56,Ft. Zumwalt West,62
2013-01-25,Lutie,40,Gainesville,60
2013-01-25,Miller,74,Golden City,49
2013-01-25,Lift for Life Academy Charter,70,Grandview (Hillsboro),56
2013-01-25,Springfield Catholic,52,Greenwood,59
2013-01-25,Everton,86,Halfway,50
2013-01-25,Helias Catholic,64,Hannibal,43
2013-01-25,Mt. Vernon,54,Harrisonville,38
2013-01-25,Houston,48,Hartville,62
2013-01-25,De Smet Jesuit,71,Hazelwood Central,53
2013-01-25,Troy Buchanan,45,Hazelwood East,55
2013-01-25,Riverview Gardens,75,Hazelwood West,60
2013-01-25,Nixa,95,Hogan Prep Academy Charter,69
2013-01-25,Walnut Grove,50,Humansville,36
2013-01-25,Notre Dame (Cape Girardeau),70,Jackson,62
2013-01-25,Bishop DuBourg,51,John F. Kennedy,64
2013-01-25,Charleston,69,Kennett,42
2013-01-25,Madison,50,Keytesville,47
2013-01-25,Willard,45,Kickapoo,67
2013-01-25,University City,48,Kirkwood,89
2013-01-25,Schuyler County,37,Knox County,63
2013-01-25,Northeast (Cairo),71,La Plata,41
2013-01-25,Parkway Central,49,Lafayette (Wildwood),53
2013-01-25,Polo,67,Lathrop,71
2013-01-25,Lee's Summit North,54,Lee's Summit,52
2013-01-25,Park Hill South,29,Lee's Summit West,49
2013-01-25,Kearney,53,Liberty North,62
2013-01-25,Greenfield,43,Lockwood,30
2013-01-25,Republic,45,Logan-Rogersville,47
2013-01-25,Palmyra,72,Macon,82
2013-01-25,Doniphan,79,Malden,65
2013-01-25,New Covenant Academy,66,Mansfield,63
2013-01-25,Monroe City,39,Marion County,51
2013-01-25,Zalma,80,Marquand-Zion,55
2013-01-25,Pilot Grove,60,Marshall,67
2013-01-25,Bolivar,56,Marshfield,42
2013-01-25,Fair Grove,61,Marshfield,71
2013-01-25,St. Joseph Christian,36,Maysville,40
2013-01-25,Boonville,32,Mexico,63
2013-01-25,Smithton,50,Miami (Amoret),32
2013-01-25,Senath-Hornersville,56,Milan,11
2013-01-25,Fulton,40,Moberly,56
2013-01-25,Central (Springfield),61,Monett,67
2013-01-25,McDonald County,43,Neosho,53
2013-01-25,Mound City,53,Nodaway-Holt,46
2013-01-25,Affton,48,Normandy Collaborative,72
2013-01-25,Plattsburg,37,North Platte,46
2013-01-25,Southwest Early College,55,Northeast (Kansas City),64
2013-01-25,Calhoun,70,Northeast Vernon County,66
2013-01-25,Lutheran South,69,Northwest (Cedar Hill),38
2013-01-25,Windsor,32,Northwest (Hughesville),58
2013-01-25,Leopold,48,Oran,46
2013-01-25,Lutheran St. Charles,45,Orchard Farm,51
2013-01-25,Savannah,51,Osage,56
2013-01-25,Winona,39,Ozark,69
2013-01-25,Holt,47,Parkway North,67
2013-01-25,St. Francis Borgia,50,Parkway West,45
2013-01-25,Sarcoxie,36,Pierce City,43
2013-01-25,Central (New Madrid County),82,Portageville,64
2013-01-25,North County,47,Potosi,45
2013-01-25,MICDS,43,Principia,39
2013-01-25,Lutheran North,67,Priory,37
2013-01-25,Liberty,49,Raymore-Peculiar,40
2013-01-25,Fort Osage,53,Raytown,51
2013-01-25,Grandview,76,Raytown South,77
2013-01-25,Iberia,80,Richland,55
2013-01-25,Joplin,48,Rolla,51
2013-01-25,Park Hill,50,Ruskin,65
2013-01-25,Calvary Lutheran,57,Sarcoxie,71
2013-01-25,Veritas Christian Academy,74,Savannah,56
2013-01-25,Scott County Central,63,Salem,58
2013-01-25,Jefferson City,47,SLUH,46
2013-01-25,Meadow Heights,22,Stanberry,62
2013-01-25,Neelyville,58,Summersville,70
2013-01-25,East (Kansas City),72,Southeast,33
2013-01-25,Hickman,70,Southern Boone,54
2013-01-25,Marionville,58,Spokane,44
2013-01-25,Timberland,50,St. Charles,51
2013-01-25,Pacific,47,St. Clair,31
2013-01-25,Newburg,58,Warsaw,50
2013-01-25,St. Mary's (Independence),69,Summit Christian Academy,71
2013-01-25,McAuley Catholic,56,Thomas Jefferson Independent Day,50
2013-01-25,North Callaway,54,Tipton,53
2013-01-25,Central (St. Joseph),52,St. Charles,71
2013-01-25,East Carter,54,St. Clair,82
2013-01-25,Brentwood,66,Valley Park,40
2013-01-25,Van-Far,35,Vienna,59
2013-01-25,St. Pius X (Kansas City),52,Warrensburg,38
2013-01-25,Rockwood Summit,48,Webster Groves,49
2013-01-25,Lexington,50,Wellington-Napoleon,51
2013-01-25,Lutheran (Kansas City),53,Wentworth Military Academy,43
2013-01-25,Arcadia Valley,58,West County,66
2013-01-25,John Burroughs,63,Westminster Christian Academy,61
2013-01-26,Eminence,72,Alton,64
2013-01-26,Marshfield,77,Aurora,42
2013-01-26,Warsaw,101,Ava,96
2013-01-26,Marceline,52,Bevier,33
2013-01-26,Webb City,70,Bolivar,56
2013-01-26,Elsberry,55,Bowling Green,57
2013-01-26,Westran,51,Buffalo,63
2013-01-26,Prairie Home,81,Bunceton,49
2013-01-26,Midway,36,Butler,52
2013-01-26,Lebanon,49,Camdenton,73
2013-01-26,Sparta,47,Cameron,41
2013-01-26,Savannah,59,Carl Junction,68
2013-01-26,Southwest Early College,49,Central (Kansas City),58
2013-01-26,Leeton,53,Chilhowee,39
2013-01-26,South Pemiscot,39,Clopton,55
2013-01-26,Laquey,68,Conway,70
2013-01-26,Fordland,59,Crane,51
2013-01-26,Sweet Springs,69,Crest Ridge,49
2013-01-26,Vienna,39,DeKalb,33
2013-01-26,Barstow,58,Drexel,67
2013-01-26,Mt. Vernon,67,Eugene,52
2013-01-26,Marion C. Early,50,Fair Grove,69
2013-01-26,Glasgow,41,Fayette,26
2013-01-26,Crystal City,58,Festus,47
2013-01-26,Mansfield,55,Forsyth,42
2013-01-26,Osage,52,Fox,60
2013-01-26,Union,61,Galena,49
2013-01-26,Richmond,75,Gallatin,78
2013-01-26,West Plains,67,Glendale,72
2013-01-26,Billings,66,Harrisonville,69
2013-01-26,Riverview Gardens,77,Hazelwood West,60
2013-01-26,Warrenton,53,Hermann,55
2013-01-26,Malta Bend,28,Higbee,57
2013-01-26,Willard,55,Hogan Prep Academy Charter,46
2013-01-26,New Covenant Academy,37,Hollister,57
2013-01-26,Otterville,54,Jamestown,41
2013-01-26,Nixa,52,Kickapoo,41
2013-01-26,North Andrew,67,King City,56
2013-01-26,Nevada,61,Knob Noster,53
2013-01-26,Sacred Heart,39,Lafayette County,62
2013-01-26,Osceola,62,Lakeland,60
2013-01-26,O'Hara,50,Lincoln College Prep,53
2013-01-26,Macon County with Bucklin,46,Linn County,52
2013-01-26,Ozark,58,Logan-Rogersville,64
2013-01-26,Winfield,55,Louisiana,43
2013-01-26,Weaubleau,62,Macks Creek,69
2013-01-26,Veritas Christian Academy,58,Marquette,74
2013-01-26,Bolivar,42,Marshfield,56
2013-01-26,Excelsior Springs,47,Maryville,52
2013-01-26,Mercer,56,Meadville,71
2013-01-26,West Platte,56,Mid-Buchanan,39
2013-01-26,Tuscumbia,57,Monett,58
2013-01-26,New Haven,44,Montgomery County,46
2013-01-26,Thayer,65,Norborne,54
2013-01-26,Ridgeway,51,North Harrison,44
2013-01-26,St. Clair,54,Northwest (Cedar Hill),38
2013-01-26,Odessa,38,Oak Grove,47
2013-01-26,Wright City,35,Owensville,38
2013-01-26,Lutheran South,46,Pacific,54
2013-01-26,New Bloomfield,56,Paris,45
2013-01-26,Union Star,46,Princeton,57
2013-01-26,Winona,42,Republic,66
2013-01-26,Worth County,38,Schuyler County,70
2013-01-26,Eldon,46,Savannah,53
2013-01-26,Community,57,Slater,50
2013-01-26,Chamois,23,St. James,57
2013-01-26,St. Elizabeth,75,Trenton,63
2013-01-26,Jefferson (Festus),47,Tarkio,62
2013-01-26,Winona,93,Van Buren,71
2013-01-26,South Nodaway,55,Versailles,53
2013-01-26,New Franklin,64,Westran,47
2013-01-26,Pleasant Hill,47,Winnetonka,66
2013-01-27,Father Tolton,61,California,63
2013-01-27,Meadville,42,Glasgow,59
2013-01-27,Wellington-Napoleon,48,Schuyler County,63
2013-01-27,Hallsville,54,Southern Boone,59
2013-01-27,Rock Bridge,76,Washington,51
2013-01-28,Keytesville,24,Bevier,67
2013-01-28,Barat Academy,44,Brentwood,53
2013-01-28,Thomas Jefferson Independent Day,60,Bronaugh,65
2013-01-28,Mid-Buchanan,77,Central (Kansas City),71
2013-01-28,Vianney,65,Clayton,40
2013-01-28,Neelyville,57,Doniphan,69
2013-01-28,Windsor,32,Drexel,86
2013-01-28,Bunker,48,East Carter,58
2013-01-28,Webster Groves,37,Eureka,33
2013-01-28,Everton,63,Fair Play,62
2013-01-28,Stanberry,62,Farmington,65
2013-01-28,Lafayette (Wildwood),60,Francis Howell,38
2013-01-28,Campbell,46,Gideon,64
2013-01-28,Northeast (Cairo),68,Green City,16
2013-01-28,Zalma,61,Greenville,40
2013-01-28,Senath-Hornersville,29,Hayti,69
2013-01-28,Weaubleau,68,Humansville,64
2013-01-28,Sweet Springs,76,Kingsville,32
2013-01-28,Winona,89,Koshkonong,23
2013-01-28,Crossroads College Preparatory,55,Maplewood-Richmond Hts.,82
2013-01-28,Meadow Heights,76,Marquand-Zion,21
2013-01-28,New Heights Christian,41,McAuley Catholic,50
2013-01-28,The Fulton School,39,Metro,63
2013-01-28,St. James,22,Mound City,70
2013-01-28,Westran,44,New Covenant Academy,79
2013-01-28,Macks Creek,43,Niangua,66
2013-01-28,Carnahan,57,Normandy Collaborative,62
2013-01-28,Ridgeway,70,North Nodaway,45
2013-01-28,Malta Bend,28,Northwestern (Mendon),97
2013-01-28,Pembroke Hill,52,Oak Park,59
2013-01-28,Lutheran (Kansas City),48,Plattsburg,44
2013-01-28,Albany,68,Polo,34
2013-01-28,North Shelby,54,Schuyler County,37
2013-01-28,Marion County,74,Senath-Hornersville,45
2013-01-28,Northwest (Hughesville),52,Willard,53
2013-01-28,Crystal City,55,Valley Park,14
2013-01-28,Montrose,47,Weaubleau,62
2013-01-28,Hardin-Central,44,Wellington-Napoleon,80
2013-01-28,North County,71,Windsor (Imperial),66
2013-01-28,Grandview,55,Winnetonka,59
2013-01-29,Osceola,64,Appleton City,29
2013-01-29,Adrian,34,Archie,43
2013-01-29,La Plata,60,Atlanta,61
2013-01-29,North Kansas City,47,Belton,66
2013-01-29,Holcomb,38,Bernie,60
2013-01-29,St. Dominic,50,Bishop DuBourg,38
2013-01-29,Maryville,35,Bishop LeBlond,48
2013-01-29,Arcadia Valley,70,Bismarck,80
2013-01-29,Eugene,77,Blair Oaks,79
2013-01-29,Bell City,52,Bloomfield,70
2013-01-29,Lee's Summit North,85,Blue Springs,60
2013-01-29,Van-Far,42,Bowling Green,55
2013-01-29,Keytesville,26,Brunswick,28
2013-01-29,Calvary Lutheran,49,Bunceton,52
2013-01-29,Kickapoo,48,Camdenton,28
2013-01-29,Benton,42,Cameron,58
2013-01-29,Madison,28,Canton,95
2013-01-29,Neosho,54,Carl Junction,84
2013-01-29,Summersville,79,Caruthersville,84
2013-01-29,O'Hara,57,Center,73
2013-01-29,Notre Dame (Cape Girardeau),50,Central (Cape Girardeau),56
2013-01-29,Lincoln College Prep,73,Central (Kansas City),54
2013-01-29,Poplar Bluff,70,Central (New Madrid County),80
2013-01-29,Republic,61,Central (Springfield),40
2013-01-29,Park Hill South,53,Central (St. Joseph),42
2013-01-29,Oran,64,Chaffee,53
2013-01-29,Macon,60,Clark County,57
2013-01-29,Forsyth,59,Clever,69
2013-01-29,Warrensburg,63,Clinton,52
2013-01-29,Wellsville-Middletown,41,Community,63
2013-01-29,El Dorado Springs,48,Conway,85
2013-01-29,Union,54,Crane,74
2013-01-29,Hogan Prep Academy Charter,64,Cristo Rey,55
2013-01-29,Sarcoxie,50,Crocker,36
2013-01-29,Viburnum,31,Cuba,97
2013-01-29,Walnut Grove,40,Dadeville,48
2013-01-29,North Platte,49,DeKalb,50
2013-01-29,Puxico,57,Dexter,54
2013-01-29,St. Francis Borgia,33,Duchesne,47
2013-01-29,Southwest Early College,44,East (Kansas City),74
2013-01-29,Thomas Jefferson Independent Day,45,Everton,72
2013-01-29,Oak Grove,58,Excelsior Springs,51
2013-01-29,Father Tolton,55,Fatima,76
2013-01-29,Francis Howell,68,Francis Howell North,72
2013-01-29,Ste. Genevieve,57,Fredericktown,53
2013-01-29,Ft. Zumwalt West,76,Ft. Zumwalt East,89
2013-01-29,Ft. Zumwalt South,64,Ft. Zumwalt North,68
2013-01-29,Mexico,90,Fulton,41
2013-01-29,Braymer,49,Gallatin,51
2013-01-29,Sweet Springs,35,Gideon,60
2013-01-29,Grundy County,51,Gilman City,36
2013-01-29,Platte County,53,Grandview,79
2013-01-29,California,51,Hallsville,62
2013-01-29,Bayless,34,Hancock,31
2013-01-29,Dora,48,Hartville,57
2013-01-29,Senath-Hornersville,29,Hayti,69
2013-01-29,Ritenour,54,Hazelwood East,64
2013-01-29,Parkway West,57,Hazelwood West,63
2013-01-29,Mark Twain,59,Highland,62
2013-01-29,DeSoto,40,Hillsboro,60
2013-01-29,Lafayette County,56,Holden,38
2013-01-29,Weaubleau,68,Humansville,64
2013-01-29,Galena,50,Hurley,71
2013-01-29,Charleston,74,Jackson,58
2013-01-29,Tuscumbia,55,Jamestown,48
2013-01-29,Golden City,64,Jasper,62
2013-01-29,University City,64,Jennings,91
2013-01-29,Winnetonka,57,Kearney,38
2013-01-29,Albany,56,King City,64
2013-01-29,Boonville,51,Kirksville,43
2013-01-29,SLUH,61,Kirkwood,64
2013-01-29,Putnam County,70,Knox County,65
2013-01-29,Lexington,35,Lafayette County,70
2013-01-29,Seneca,64,Lamar,59
2013-01-29,Trenton,26,Lawson,50
2013-01-29,Rolla,56,Lebanon,55
2013-01-29,Wentworth Military Academy,43,Leeton,47
2013-01-29,Zalma,36,Leopold,68
2013-01-29,Knob Noster,61,Lexington,18
2013-01-29,Blue Springs South,54,Liberty,47
2013-01-29,St. James,67,Licking,43
2013-01-29,Sarcoxie,58,Lockwood,47
2013-01-29,Willard,50,Logan-Rogersville,41
2013-01-29,Calhoun,32,Lutheran (Kansas City),69
2013-01-29,John Burroughs,54,Lutheran North,64
2013-01-29,Principia,50,Lutheran St. Charles,45
2013-01-29,Chadwick,49,Lutie,68
2013-01-29,Linn County,64,Macon County with Bucklin,59
2013-01-29,Portageville,69,Malden,52
2013-01-29,Fayette,55,Marceline,54
2013-01-29,Blue Eye,40,Marion C. Early,33
2013-01-29,Wellsville-Middletown,46,Marionville,59
2013-01-29,Parkway North,50,Marquette,61
2013-01-29,Ozark,58,Marshfield,107
2013-01-29,Worth County,41,Maysville,55
2013-01-29,New Heights Christian,41,McAuley Catholic,50
2013-01-29,Maplewood-Richmond Hts.,75,McCluer,37
2013-01-29,Oak Ridge,36,Meadow Heights,42
2013-01-29,Liberal,61,Miller,68
2013-01-29,Marshall,50,Moberly,55
2013-01-29,Louisiana,58,Monroe City,27
2013-01-29,Clopton,39,Montgomery County,56
2013-01-29,Chilhowee,49,Montrose,40
2013-01-29,Liberty (Mountain View),59,Mountain Grove,34
2013-01-29,Carthage,45,Mt. Vernon,51
2013-01-29,Webb City,65,Nevada,67
2013-01-29,Stewartsville,29,North Andrew,63
2013-01-29,Linn,42,North Callaway,54
2013-01-29,Central (Park Hills),68,North County,33
2013-01-29,Bradleyville,31,Norwood,61
2013-01-29,Pleasant Hill,64,Odessa,44
2013-01-29,Crest Ridge,54,Orrick,26
2013-01-29,Prairie Home,42,Otterville,57
2013-01-29,Marion County,71,Paris,58
2013-01-29,Lee's Summit West,70,Park Hill,44
2013-01-29,Joplin,35,Parkview,66
2013-01-29,Fox,35,Parkway Central,57
2013-01-29,De Smet Jesuit,66,Parkway South,35
2013-01-29,Hazelwood Central,70,Pattonville,63
2013-01-29,St. Pius X (Festus),69,Perryville,49
2013-01-29,Greenfield,37,Pierce City,53
2013-01-29,Laquey,35,Plato,49
2013-01-29,St. Elizabeth,69,Polo,44
2013-01-29,Farmington,73,Potosi,44
2013-01-29,Westminster Christian Academy,59,Priory,44
2013-01-29,Verona,48,Purdy,63
2013-01-29,Lee's Summit,56,Raymore-Peculiar,52
2013-01-29,William Chrisman,72,Raytown,64
2013-01-29,Liberty North,51,Raytown South,44
2013-01-29,Fair Grove,60,Reeds Spring,71
2013-01-29,Miami (Amoret),23,Rich Hill,59
2013-01-29,South Shelby,69,Richland,71
2013-01-29,Carrollton,39,Richmond,54
2013-01-29,Jefferson City,47,Rock Bridge,70
2013-01-29,Mehlville,28,Rockwood Summit,60
2013-01-29,North Technical,56,Roosevelt,42
2013-01-29,Lone Jack,43,Scott County Central,63
2013-01-29,Lafayette (St. Joseph),65,Savannah,38
2013-01-29,Wright City,35,South Pemiscot,70
2013-01-29,Sweet Springs,71,Salem,65
2013-01-29,St. Pius X (Kansas City),55,Savannah,46
2013-01-29,New Haven,39,Slater,48
2013-01-29,Northeast (Kansas City),62,Southeast,45
2013-01-29,Harrisburg,53,Southern Boone,67
2013-01-29,Billings,65,Spokane,53
2013-01-29,Iberia,59,Van-Far,29
2013-01-29,Rock Port,42,St. Joseph Christian,46
2013-01-29,Barstow,67,St. Mary's (Independence),56
2013-01-29,McKinley Classical Leadership,26,Webster Groves,66
2013-01-29,Fort Osage,61,Staley,46
2013-01-29,Belle,67,Warsaw,61
2013-01-29,Exeter,36,Westran,66
2013-01-29,Northwest (Hughesville),52,Willard,53
2013-01-29,Pleasant Hope,34,Winona,66
2013-01-29,New Franklin,47,Worth County,77
2013-01-29,Construction Careers Charter,60,The Fulton School,46
2013-01-29,Troy Buchanan,41,Timberland,40
2013-01-29,Cainsville,49,Tri-County,53
2013-01-29,Cardinal Ritter,65,Trinity Catholic,49
2013-01-29,Ruskin,58,St. Charles,57
2013-01-29,Naylor,56,St. Clair,65
2013-01-29,Osborn,53,Union Star,57
2013-01-29,Crystal City,55,Valley Park,15
2013-01-29,John F. Kennedy,49,Veritas Christian Academy,65
2013-01-29,Helias Catholic,63,Versailles,56
2013-01-29,Concordia,27,Wellington-Napoleon,80
2013-01-29,Valle Catholic,41,West County,57
2013-01-29,Glendale,72,West Plains,73
2013-01-29,Houston,50,Willow Springs,38
2013-01-29,La Monte,60,Windsor,67
2013-01-30,New Haven,59,Bourbon,49
2013-01-30,Climax Springs,55,Bunceton,63
2013-01-30,Vianney,65,Clayton,40
2013-01-30,Winnetonka,55,Fort Osage,56
2013-01-30,Logan-Rogersville,44,Glendale,41
2013-01-30,Lift for Life Academy Charter,52,McCluer South-Berkeley,65
2013-01-30,Ladue Horton Watkins,41,Normandy Collaborative,47
2013-01-30,Stover,46,North Andrew,60
2013-01-30,Northeast (Cairo),74,North Shelby,43
2013-01-30,Malta Bend,14,Pilot Grove,75
2013-01-30,Green City,50,Schuyler County,41
2013-01-30,Van-Far,49,Slater,53
2013-01-30,Windsor (Imperial),49,St. Vincent,51
2013-01-30,Valley,38,Valle Catholic,56
2013-01-30,Herculaneum,68,Valley Park,48
2013-01-30,Carnahan,63,Waynesville,61
2013-01-31,Winona,57,Alton,72
2013-01-31,Canton,71,Atlanta,38
2013-01-31,Notre Dame (Cape Girardeau),64,Bernie,50
2013-01-31,Ellington,49,Bismarck,107
2013-01-31,Macon County with Bucklin,77,Bosworth,34
2013-01-31,Principia,49,Brentwood,60
2013-01-31,Hale,41,Brunswick,51
2013-01-31,Warsaw,74,Buffalo,21
2013-01-31,Kingston,72,Bunker,63
2013-01-31,Hayti,73,Caruthersville,75
2013-01-31,Soldan International Studies,59,Cleveland NJROTC,37
2013-01-31,Windsor,35,Cole Camp,70
2013-01-31,Rockhurst,75,De Smet Jesuit,66
2013-01-31,Cooter,52,East Prairie,62
2013-01-31,Metro,35,Gateway,67
2013-01-31,Lebanon,49,Glendale,76
2013-01-31,Weaubleau,36,Greenwood,64
2013-01-31,Meadville,69,Grundy County,32
2013-01-31,California,68,Harrisburg,46
2013-01-31,McCluer,65,Hazelwood Central,80
2013-01-31,Hazelwood East,67,Hazelwood West,74
2013-01-31,St. Dominic,52,Holt,35
2013-01-31,Madison,39,La Plata,53
2013-01-31,Concordia,59,Leeton,57
2013-01-31,Meadow Heights,39,Leopold,74
2013-01-31,Valley,50,Lesterville,63
2013-01-31,Vianney,37,Lindbergh,8
2013-01-31,Father Tolton,65,Linn,51
2013-01-31,Bevier,50,Linn County,52
2013-01-31,Highland,60,Louisiana,80
2013-01-31,Van-Far,44,Marion County,51
2013-01-31,Cassville,59,McDonald County,64
2013-01-31,SLUH,44,MICDS,40
2013-01-31,New Covenant Academy,81,Niangua,75
2013-01-31,Northeast Nodaway,51,Nodaway-Holt,57
2013-01-31,Fatima,53,North Callaway,43
2013-01-31,Malta Bend,28,Northwestern (Mendon),97
2013-01-31,Grain Valley,36,Oak Grove,40
2013-01-31,Zalma,47,Oak Ridge,63
2013-01-31,Braymer,45,Polo,47
2013-01-31,Kennett,79,Portageville,68
2013-01-31,Advance,91,Risco,57
2013-01-31,McCluer North,91,Riverview Gardens,95
2013-01-31,Charleston,64,Sikeston,71
2013-01-31,Wellsville-Middletown,38,South Pemiscot,64
2013-01-31,Hallsville,56,Southern Boone,65
2013-01-31,New Heights Christian,53,Springfield Catholic,55
2013-01-31,Tri-County,49,Stewartsville,72
2013-01-31,La Monte,62,Willard,70
2013-01-31,Glasgow,43,Worth County,53
2013-01-31,Gainesville,45,Thayer,55
2013-01-31,Milan,37,Trenton,75
2013-01-31,Pembroke Hill,48,University Academy Charter,62
2013-01-31,Parkway Central,52,Webster Groves,48
2013-01-31,Clearwater,79,Woodland,54
2013-02-01,Appleton City,52,Adrian,61
2013-02-01,McCluer South-Berkeley,94,Affton,75
2013-02-01,Ellington,29,Alton,88
2013-02-01,Seneca,66,Aurora,48
2013-02-01,Koshkonong,39,Bakersfield,76
2013-02-01,South Callaway,52,Ballard,42
2013-02-01,Brentwood,41,Bayless,29
2013-02-01,Staley,47,Belton,49
2013-02-01,Chillicothe,48,Benton,28
2013-02-01,Notre Dame (Cape Girardeau),64,Bernie,50
2013-02-01,Duchesne,61,Bishop DuBourg,35
2013-02-01,Seckman,40,Bishop DuBourg,50
2013-02-01,Savannah,34,Bishop LeBlond,47
2013-02-01,Hogan Prep Academy Charter,54,Blair Oaks,60
2013-02-01,Puxico,62,Bloomfield,67
2013-02-01,Billings,76,Blue Eye,55
2013-02-01,Liberty,62,Blue Springs,72
2013-02-01,Vienna,67,Bourbon,47
2013-02-01,Nixa,64,Branson,67
2013-02-01,Jamestown,81,Bunceton,71
2013-02-01,Gilman City,48,Cainsville,41
2013-02-01,Father Tolton,40,California,53
2013-02-01,Veritas Christian Academy,39,Cardinal Ritter,75
2013-02-01,New Heights Christian,39,Carl Junction,57
2013-02-01,Neosho,41,Carthage,70
2013-02-01,Kennett,91,Caruthersville,64
2013-02-01,Galena,39,Chadwick,46
2013-02-01,Jennings,92,Clayton,84
2013-02-01,Doniphan,57,Clearwater,59
2013-02-01,O'Hara,61,Clinton,54
2013-02-01,Bowling Green,52,Clopton,53
2013-02-01,College Preparatory,66,Confluence Prep Academy Charter,37
2013-02-01,Stover,41,DeKalb,53
2013-02-01,Stanberry,76,East Carter,40
2013-02-01,Seneca,56,East Prairie,37
2013-02-01,Mehlville,31,Eureka,69
2013-02-01,Odessa,57,Excelsior Springs,54
2013-02-01,Lutie,44,Forsyth,67
2013-02-01,Ft. Zumwalt West,42,Francis Howell,54
2013-02-01,Troy Buchanan,63,Francis Howell North,37
2013-02-01,Washington,65,Ft. Zumwalt East,41
2013-02-01,Holt,68,Ft. Zumwalt North,71
2013-02-01,Boonville,62,Fulton,50
2013-02-01,King City,36,Gallatin,51
2013-02-01,Pembroke Hill,52,Grain Valley,40
2013-02-01,Liberty North,54,Grandview,52
2013-02-01,La Plata,49,Green City,36
2013-02-01,Crossroads College Preparatory,56,Hancock,36
2013-02-01,Kirksville,71,Hannibal,54
2013-02-01,Owensville,49,Hermann,54
2013-02-01,Pilot Grove,76,Higbee,31
2013-02-01,Macon,41,Highland,69
2013-02-01,Parkview,32,Hillcrest,70
2013-02-01,Niangua,40,Hurley,75
2013-02-01,Crocker,37,Iberia,73
2013-02-01,Lutheran South,44,John Burroughs,55
2013-02-01,Lutheran St. Charles,66,John F. Kennedy,45
2013-02-01,Waynesville,52,Joplin,28
2013-02-01,Worth County,84,Keytesville,18
2013-02-01,Lafayette County,52,Knob Noster,59
2013-02-01,Willard,71,La Monte,59
2013-02-01,Cameron,41,Lafayette (St. Joseph),71
2013-02-01,Oakville,36,Lafayette (Wildwood),46
2013-02-01,Kickapoo,67,Lebanon,35
2013-02-01,Blue Springs South,73,Lee's Summit,55
2013-02-01,Central (St. Joseph),51,Lee's Summit West,64
2013-02-01,Kingsville,19,Leeton,73
2013-02-01,Carrollton,44,Lexington,45
2013-02-01,Willow Springs,35,Liberty (Mountain View),71
2013-02-01,Smithton,48,Lincoln,33
2013-02-01,Northeast (Kansas City),57,Lincoln College Prep,41
2013-02-01,Pierce City,61,Lockwood,40
2013-02-01,Hollister,39,Logan-Rogersville,54
2013-02-01,Orrick,43,Lone Jack,60
2013-02-01,Westminster Christian Academy,49,Lutheran North,50
2013-02-01,Otterville,84,Malta Bend,22
2013-02-01,Crane,54,Marionville,37
2013-02-01,Louisiana,46,Mark Twain,57
2013-02-01,Jefferson City,54,Marquette,67
2013-02-01,Sparta,57,Maryville,64
2013-02-01,Ft. Zumwalt South,63,McCluer,56
2013-02-01,East Newton,47,McDonald County,55
2013-02-01,Marshall,20,Mexico,63
2013-02-01,Drexel,69,Miami (Amoret),28
2013-02-01,Priory,34,MICDS,50
2013-02-01,Plattsburg,47,Mid-Buchanan,67
2013-02-01,Knox County,67,Milan,31
2013-02-01,Hume,30,Montrose,72
2013-02-01,Rock Port,35,Mound City,40
2013-02-01,Lamar,60,Nevada,73
2013-02-01,Eugene,70,New Bloomfield,34
2013-02-01,Schuyler County,67,New Franklin,43
2013-02-01,Tarkio,50,New Haven,52
2013-02-01,Cuba,84,Newburg,52
2013-02-01,Mercer,72,North Harrison,33
2013-02-01,St. James,30,North Nodaway,53
2013-02-01,Gideon,50,North Pemiscot,58
2013-02-01,Lathrop,39,North Platte,44
2013-02-01,Lindbergh,60,Northwest (Cedar Hill),50
2013-02-01,Gainesville,48,Norwood,33
2013-02-01,North Kansas City,54,Oak Park,65
2013-02-01,Bell City,47,Oran,89
2013-02-01,Warrenton,41,Orchard Farm,45
2013-02-01,Archie,42,Osceola,67
2013-02-01,St. Charles,63,Park Hill,53
2013-02-01,Ruskin,70,Park Hill South,54
2013-02-01,Kirkwood,48,Parkway North,45
2013-02-01,Fox,33,Parkway South,54
2013-02-01,Seckman,28,Parkway West,67
2013-02-01,Lawson,71,Penney,28
2013-02-01,Festus,45,Perryville,59
2013-02-01,Kearney,63,Platte County,44
2013-02-01,Sikeston,67,Poplar Bluff,61
2013-02-01,Tuscumbia,57,Purdy,52
2013-02-01,Newtown-Harris,61,Putnam County,69
2013-02-01,Lee's Summit North,42,Raymore-Peculiar,33
2013-02-01,Rock Bridge,48,Raytown South,46
2013-02-01,Buffalo,44,Reeds Spring,62
2013-02-01,Midway,44,Rich Hill,51
2013-02-01,Plato,70,Richland,89
2013-02-01,Risco,96,Richland (Essex),76
2013-02-01,Holden,40,Richmond,49
2013-02-01,Pattonville,72,Ritenour,53
2013-02-01,McCluer North,91,Riverview Gardens,95
2013-02-01,University City,40,Rockwood Summit,77
2013-02-01,Tuscumbia,62,Sarcoxie,79
2013-02-01,Houston,39,Salem,51
2013-02-01,Crest Ridge,47,Scott County Central,69
2013-02-01,Jasper,61,Sarcoxie,59
2013-02-01,Madison,34,Schuyler County,49
2013-02-01,Butler,53,South Nodaway,37
2013-02-01,Marceline,51,Salem,36
2013-02-01,Chaminade College Prep,56,SLUH,49
2013-02-01,Warrensburg,47,Savannah,45
2013-02-01,Jefferson City,55,Soldan International Studies,38
2013-02-01,Helias Catholic,55,Soldan International Studies,38
2013-02-01,Vienna,41,St. Elizabeth,56
2013-02-01,Pleasant Hope,46,Union,58
2013-02-01,Clever,67,Spokane,62
2013-02-01,Webster Groves,35,St. Francis Borgia,48
2013-02-01,Pacific,46,St. James,57
2013-02-01,North Andrew,57,St. Joseph Christian,52
2013-02-01,St. Vincent,41,St. Pius X (Festus),43
2013-02-01,Center,52,St. Pius X (Kansas City),50
2013-02-01,Valley,39,Warsaw,52
2013-02-01,Union Star,35,Stewartsville,52
2013-02-01,Winona,75,Wellsville-Middletown,34
2013-02-01,Laquey,50,Westran,64
2013-02-01,St. Clair,51,Webb City,47
2013-02-01,Bunker,50,Wright City,65
2013-02-01,Concordia,68,Sweet Springs,66
2013-02-01,Francis Howell Central,75,Timberland,73
2013-02-01,Central (New Madrid County),65,St. Clair,46
2013-02-01,Couch,46,Van Buren,48
2013-02-01,Summit Christian Academy,60,Versailles,50
2013-02-01,Wright City,47,Van-Far,63
2013-02-01,Thomas Jefferson Independent Day,46,Verona,45
2013-02-01,Osage,39,Versailles,73
2013-02-01,Halfway,36,Walnut Grove,73
2013-02-01,Marshfield,80,Warsaw,76
2013-02-01,Republic,48,Webb City,39
2013-02-01,Montgomery County,52,Wellsville-Middletown,53
2013-02-01,Norborne,49,Wentworth Military Academy,46
2013-02-01,Rolla,68,West Plains,53
2013-02-01,Ozark,72,Willard,70
2013-02-01,Lakeland,60,Windsor,61
2013-02-01,St. Charles,71,Winfield,50
2013-02-02,North Shelby,56,Atlanta,43
2013-02-02,Newburg,59,Bourbon,64
2013-02-02,St. Paul Lutheran (Concordia),47,Calvary Lutheran,21
2013-02-02,Northeast (Cairo),60,Canton,66
2013-02-02,Smithton,19,Cole Camp,54
2013-02-02,Humansville,53,Dadeville,72
2013-02-02,East Carter,48,Doniphan,70
2013-02-02,Cameron,53,East Buchanan,26
2013-02-02,Kingston,32,Fredericktown,58
2013-02-02,Campbell,48,Gideon,66
2013-02-02,West Plains,67,Glendale,72
2013-02-02,Windsor,56,Green Ridge,62
2013-02-02,Exeter,63,Halfway,51
2013-02-02,Christian Brothers College,63,Hazelwood Central,42
2013-02-02,Whitfield,36,Ladue Horton Watkins,62
2013-02-02,Smithton,48,Lincoln,35
2013-02-02,Duchesne,53,Maplewood-Richmond Hts.,71
2013-02-02,Springfield Catholic,51,McAuley Catholic,36
2013-02-02,College Preparatory,63,McCluer North,61
2013-02-02,Neelyville,75,Naylor,63
2013-02-02,Hallsville,41,North Callaway,40
2013-02-02,Arcadia Valley,72,North County,60
2013-02-02,Tipton,63,Northwest (Hughesville),28
2013-02-02,DeKalb,61,Osborn,39
2013-02-02,Valle Catholic,53,Potosi,71
2013-02-02,Cassville,77,Richland,88
2013-02-02,Fatima,59,Southern Boone,55
2013-02-02,Valley,26,Ste. Genevieve,67
2013-02-02,Sacred Heart,70,Willard,46
2013-02-02,Greenville,38,St. Clair,96
2013-02-02,SLUH,34,Webster Groves,45
2013-02-02,Community,47,Westran,38
2013-02-04,Midway,54,Adrian,44
2013-02-04,Hume,30,Ballard,63
2013-02-04,Hurley,70,Billings,100
2013-02-04,Ste. Genevieve,73,Bismarck,68
2013-02-04,North Technical,68,Brentwood,65
2013-02-04,Northeast Vernon County,35,Bronaugh,72
2013-02-04,New Bloomfield,52,Bunceton,47
2013-02-04,Lesterville,66,Bunker,55
2013-02-04,Penney,26,Cameron,51
2013-02-04,Risco,58,Campbell,48
2013-02-04,Gideon,40,Clarkton,64
2013-02-04,University City,73,Clayton,76
2013-02-04,Wheatland,61,Climax Springs,56
2013-02-04,Construction Careers Charter,38,Confluence Prep Academy Charter,57
2013-02-04,Sweet Springs,59,Cooter,51
2013-02-04,Lone Jack,70,Crest Ridge,75
2013-02-04,North Pemiscot,47,Delta (Deering),29
2013-02-04,Osceola,51,Fair Play,64
2013-02-04,Arcadia Valley,40,Farmington,68
2013-02-04,Princeton,59,Gilman City,47
2013-02-04,Thayer,66,Hale,39
2013-02-04,Walnut Grove,51,Halfway,48
2013-02-04,Affton,76,Hancock,57
2013-02-04,Northwestern (Mendon),31,Hardin-Central,71
2013-02-04,Malta Bend,21,Jamestown,70
2013-02-04,Dora,83,Koshkonong,37
2013-02-04,Windsor,70,La Monte,56
2013-02-04,Benton,26,Lafayette (St. Joseph),64
2013-02-04,Hogan Prep Academy Charter,40,Lafayette County,72
2013-02-04,Northwest (Hughesville),61,Lincoln,31
2013-02-04,Hazelwood East,66,Lutheran North,77
2013-02-04,Higbee,41,Macon County with Bucklin,56
2013-02-04,Milan,46,Mercer,72
2013-02-04,College Preparatory,48,Normandy Collaborative,34
2013-02-04,Tri-County,49,Osborn,66
2013-02-04,Rolla,51,Parkview,85
2013-02-04,Lee's Summit West,39,Rockhurst,59
2013-02-04,Portageville,73,Senath-Hornersville,47
2013-02-04,Rock Port,56,Stover,23
2013-02-04,Willow Springs,52,Wright City,40
2013-02-04,Pembroke Hill,50,Summit Christian Academy,46
2013-02-04,McKinley Classical Leadership,65,West Plains,62
2013-02-04,Missouri School for the Deaf,48,The Fulton School,53
2013-02-04,St. Francis Borgia,76,Trinity Catholic,52
2013-02-04,Tarkio,58,Windsor (Imperial),71
2013-02-04,Ridgeway,79,Worth County,51
2013-02-05,Woodland,42,Advance,82
2013-02-05,Priory,68,Affton,77
2013-02-05,Rich Hill,69,Appleton City,61
2013-02-05,Lutheran (Kansas City),43,Archie,33
2013-02-05,Brashear,38,Atlanta,66
2013-02-05,Cassville,54,Aurora,55
2013-02-05,Lutie,54,Bakersfield,46
2013-02-05,Dexter,62,Bell City,51
2013-02-05,Fort Osage,62,Belton,48
2013-02-05,Seckman,40,Bishop DuBourg,50
2013-02-05,Oran,67,Bloomfield,63
2013-02-05,Raymore-Peculiar,62,Blue Springs,72
2013-02-05,Lee's Summit North,52,Blue Springs South,69
2013-02-05,Springfield Catholic,37,Bolivar,68
2013-02-05,Hannibal,41,Boonville,53
2013-02-05,Meadville,96,Bosworth,29
2013-02-05,Wellsville-Middletown,33,Bowling Green,73
2013-02-05,Hurley,71,Bradleyville,48
2013-02-05,Crossroads College Preparatory,60,Brentwood,62
2013-02-05,Grundy County,66,Cainsville,36
2013-02-05,Warsaw,80,California,82
2013-02-05,Waynesville,51,Camdenton,59
2013-02-05,Senath-Hornersville,44,Canton,78
2013-02-05,Holden,49,Carrollton,36
2013-02-05,Nixa,76,Carthage,32
2013-02-05,East (Kansas City),63,Central (Kansas City),58
2013-02-05,Rock Bridge,94,Central (Springfield),39
2013-02-05,Park Hill,50,Central (St. Joseph),65
2013-02-05,New Covenant Academy,65,Chadwick,29
2013-02-05,Zalma,60,Chaffee,78
2013-02-05,Neelyville,45,Clearwater,59
2013-02-05,Hollister,69,Clever,59
2013-02-05,Weaubleau,67,Climax Springs,68
2013-02-05,Green Ridge,48,Cole Camp,67
2013-02-05,Elsberry,57,Community,44
2013-02-05,Spokane,53,Crane,65
2013-02-05,Lone Jack,70,Crest Ridge,75
2013-02-05,Dixon,85,Cuba,104
2013-02-05,Vianney,47,De Smet Jesuit,61
2013-02-05,St. James,25,DeKalb,70
2013-02-05,St. Clair,44,Doniphan,45
2013-02-05,Penney,34,East Buchanan,54
2013-02-05,Butler,53,El Dorado Springs,15
2013-02-05,Blair Oaks,82,Eldon,57
2013-02-05,Fatima,78,Eugene,62
2013-02-05,Marquette,41,Eureka,47
2013-02-05,Grain Valley,43,Excelsior Springs,40
2013-02-05,Thomas Jefferson Independent Day,37,Exeter,49
2013-02-05,Lakeland,43,Fair Play,74
2013-02-05,Missouri Military Academy,19,Father Tolton,59
2013-02-05,Paris,36,Fayette,64
2013-02-05,St. Pius X (Festus),57,Festus,67
2013-02-05,Timberland,63,Francis Howell North,54
2013-02-05,West County,53,Fredericktown,55
2013-02-05,Ft. Zumwalt North,76,Ft. Zumwalt East,74
2013-02-05,Holt,50,Ft. Zumwalt South,71
2013-02-05,Marshall,55,Fulton,49
2013-02-05,Fordland,60,Gainesville,62
2013-02-05,Forsyth,73,Galena,41
2013-02-05,Maysville,40,Gallatin,57
2013-02-05,Kickapoo,74,Glendale,59
2013-02-05,Diamond,67,Golden City,36
2013-02-05,Humansville,67,Halfway,63
2013-02-05,Slater,32,Hallsville,64
2013-02-05,Odessa,50,Harrisonville,43
2013-02-05,Conway,57,Hartville,77
2013-02-05,Bernie,56,Hayti,68
2013-02-05,Mexico,60,Helias Catholic,48
2013-02-05,Joplin,32,Hillcrest,74
2013-02-05,Sweet Springs,38,Holcomb,68
2013-02-05,Mountain Grove,47,Houston,42
2013-02-05,South Callaway,67,Hume,37
2013-02-05,Central (Cape Girardeau),43,Jackson,57
2013-02-05,Higbee,43,Jamestown,58
2013-02-05,Cardinal Ritter,76,John F. Kennedy,35
2013-02-05,Grandview,73,Kearney,75
2013-02-05,Central (New Madrid County),79,Kennett,77
2013-02-05,New Franklin,66,Keytesville,42
2013-02-05,Braymer,51,King City,30
2013-02-05,Calhoun,64,Kingsville,50
2013-02-05,Moberly,53,Kirksville,45
2013-02-05,Richmond,67,Knob Noster,63
2013-02-05,Bevier,44,La Plata,56
2013-02-05,SLUH,62,Ladue Horton Watkins,65
2013-02-05,Parkway South,25,Lafayette (Wildwood),48
2013-02-05,Lexington,37,Lafayette County,68
2013-02-05,Carl Junction,74,Lamar,57
2013-02-05,Plattsburg,44,Lathrop,56
2013-02-05,North Platte,37,Lawson,54
2013-02-05,Liberty,75,Lee's Summit,70
2013-02-05,Puxico,75,Leopold,31
2013-02-05,Marquand-Zion,23,Lesterville,71
2013-02-05,Jasper,57,Liberal,58
2013-02-05,Winnetonka,44,Liberty North,54
2013-02-05,Fox,43,Lindbergh,55
2013-02-05,Palmyra,63,Louisiana,67
2013-02-05,Christian Brothers College,65,Lutheran North,52
2013-02-05,Principia,56,Lutheran South,72
2013-02-05,Brunswick,43,Madison,53
2013-02-05,Prairie Home,73,Malta Bend,40
2013-02-05,Schuyler County,64,Marceline,36
2013-02-05,Clark County,55,Mark Twain,59
2013-02-05,Tuscumbia,69,McAuley Catholic,62
2013-02-05,Oak Ridge,49,Meadow Heights,38
2013-02-05,Kirkwood,67,Mehlville,49
2013-02-05,Westminster Christian Academy,63,MICDS,68
2013-02-05,West Platte,64,Mid-Buchanan,39
2013-02-05,Highland,65,Monroe City,39
2013-02-05,North Callaway,49,Montgomery County,56
2013-02-05,Northeast Vernon County,47,Montrose,64
2013-02-05,Mt. Vernon,57,Nevada,54
2013-02-05,Webb City,41,New Haven,29
2013-02-05,Greenfield,65,New Heights Christian,33
2013-02-05,North Harrison,43,Newtown-Harris,85
2013-02-05,St. Joseph Christian,60,Nodaway-Holt,38
2013-02-05,Glasgow,48,Northeast (Cairo),50
2013-02-05,Niangua,48,Norwood,45
2013-02-05,Parkway Central,44,Oakville,55
2013-02-05,St. Pius X (Kansas City),67,O'Hara,61
2013-02-05,Winfield,50,Orchard Farm,64
2013-02-05,Southern Boone,72,Osage,40
2013-02-05,Stewartsville,65,Osborn,57
2013-02-05,Miami (Amoret),31,Osceola,75
2013-02-05,Pilot Grove,65,Otterville,47
2013-02-05,Branson,50,Ozark,56
2013-02-05,Rolla,51,Parkview,85
2013-02-05,Hazelwood West,62,Parkway North,52
2013-02-05,Francis Howell Central,60,Pattonville,62
2013-02-05,Bishop LeBlond,42,Pembroke Hill,22
2013-02-05,Notre Dame (Cape Girardeau),69,Perryville,45
2013-02-05,Oak Grove,63,Pleasant Hill,39
2013-02-05,Fair Grove,90,Pleasant Hope,34
2013-02-05,East Prairie,47,Portageville,101
2013-02-05,Central (Park Hills),54,Potosi,43
2013-02-05,Albany,61,Princeton,49
2013-02-05,Marion C. Early,38,Purdy,51
2013-02-05,North Kansas City,46,Raytown,57
2013-02-05,Platte County,40,Raytown South,87
2013-02-05,Neosho,20,Republic,64
2013-02-05,Crocker,66,Richland,84
2013-02-05,Lee's Summit West,72,Ruskin,62
2013-02-05,Linn,61,Sarcoxie,59
2013-02-05,Cabool,63,Salem,70
2013-02-05,Sparta,59,Savannah,44
2013-02-05,East Newton,45,Seneca,68
2013-02-05,Clinton,47,Savannah,65
2013-02-05,Worth County,55,St. Elizabeth,90
2013-02-05,Southwest Early College,58,Southeast,56
2013-02-05,Blue Eye,52,Union,55
2013-02-05,St. Francis Borgia,51,St. Dominic,49
2013-02-05,Tuscumbia,38,Van-Far,52
2013-02-05,Hermann,56,St. James,82
2013-02-05,Duchesne,62,Webster Groves,59
2013-02-05,Oak Park,40,Staley,41
2013-02-05,Polo,29,Vienna,61
2013-02-05,Couch,58,Wright City,28
2013-02-05,Orrick,50,Sweet Springs,88
2013-02-05,Calvary Lutheran,60,The Fulton School,28
2013-02-05,Sacred Heart,66,Tipton,52
2013-02-05,Mercer,89,Tri-County,51
2013-02-05,Ft. Zumwalt West,45,Troy Buchanan,51
2013-02-05,Park Hill South,43,St. Charles,36
2013-02-05,St. Clair,64,Tarkio,57
2013-02-05,Bayless,61,Valley Park,32
2013-02-05,Winona,72,Van Buren,31
2013-02-05,Ellington,68,Viburnum,72
2013-02-05,Belle,51,Vienna,67
2013-02-05,Center,62,Warrensburg,41
2013-02-05,St. Charles,61,Warrenton,25
2013-02-05,Willard,60,Webb City,40
2013-02-05,McCluer,46,Webster Groves,44
2013-02-05,Scott County Central,59,Wellington-Napoleon,70
2013-02-05,Lebanon,31,West Plains,60
2013-02-05,Herculaneum,69,Windsor (Imperial),61
2013-02-05,Clopton,69,Wright City,42
2013-02-06,Lone Jack,52,Archie,44
2013-02-06,South Callaway,69,Ballard,53
2013-02-06,Miller Career Academy,39,Carnahan,48
2013-02-06,Northwestern (Mendon),68,Hale,70
2013-02-06,Roosevelt,29,Hazelwood East,59
2013-02-06,Valle Catholic,65,Kingston,58
2013-02-06,Valley,28,North County,72
2013-02-06,Novinger,27,North Shelby,57
2013-02-06,SLUH,62,Parkway West,41
2013-02-06,Plattsburg,39,Trenton,69
2013-02-07,Bakersfield,37,Alton,67
2013-02-07,Kingsville,21,Appleton City,74
2013-02-07,Marion County,70,Atlanta,52
2013-02-07,Arcadia Valley,60,Bismarck,81
2013-02-07,Wellsville-Middletown,22,Butler,60
2013-02-07,Puxico,39,Central (New Madrid County),74
2013-02-07,Hillcrest,59,Central (Springfield),45
2013-02-07,Risco,70,Clarkton,61
2013-02-07,Lutheran (Kansas City),48,Crest Ridge,59
2013-02-07,St. Pius X (Festus),59,Crystal City,39
2013-02-07,Oakville,45,Eureka,50
2013-02-07,Hallsville,66,Father Tolton,41
2013-02-07,Slater,69,Fatima,88
2013-02-07,Niangua,32,Fordland,65
2013-02-07,Madison,26,Glasgow,82
2013-02-07,Thayer,60,Hardin-Central,55
2013-02-07,Pattonville,51,Hazelwood East,54
2013-02-07,Seckman,81,Hillsboro,72
2013-02-07,Walnut Grove,39,Humansville,54
2013-02-07,Everton,79,Hurley,57
2013-02-07,Grandview (Hillsboro),65,Jefferson (Festus),87
2013-02-07,Couch,58,Koshkonong,29
2013-02-07,Senath-Hornersville,59,La Plata,61
2013-02-07,Stanberry,67,Lesterville,39
2013-02-07,Milan,34,Linn County,59
2013-02-07,Keytesville,44,Macon County with Bucklin,64
2013-02-07,Hazelwood Central,61,Maplewood-Richmond Hts.,69
2013-02-07,Norborne,35,Meadville,77
2013-02-07,Barstow,73,Midway,30
2013-02-07,Bronaugh,72,Montrose,51
2013-02-07,Wellsville-Middletown,50,New Bloomfield,71
2013-02-07,Willard,37,Northwest (Hughesville),49
2013-02-07,North Technical,46,Orchard Farm,48
2013-02-07,Jamestown,44,Otterville,51
2013-02-07,Park Hill South,53,Park Hill,49
2013-02-07,West County,77,Potosi,47
2013-02-07,Union Star,38,Rock Port,50
2013-02-07,Windsor,59,Smithton,28
2013-02-07,Metro,33,Soldan International Studies,47
2013-02-07,Gallatin,65,St. Elizabeth,75
2013-02-07,Seneca,68,Summersville,78
2013-02-07,Pierce City,50,Tuscumbia,59
2013-02-07,Bishop DuBourg,45,St. Francis Borgia,63
2013-02-07,St. Dominic,38,Webster Groves,31
2013-02-07,Braymer,69,Tri-County,42
2013-02-07,Lutheran St. Charles,85,Trinity Catholic,67
2013-02-07,Neelyville,49,St. Clair,61
2013-02-07,Calhoun,33,Wentworth Military Academy,56
2013-02-07,Weaubleau,65,Wheatland,61
2013-02-08,Lone Jack,45,Adrian,43
2013-02-08,Van Buren,69,Alton,52
2013-02-08,Leeton,57,Appleton City,38
2013-02-08,Maplewood-Richmond Hts.,59,Bayless,30
2013-02-08,Malden,60,Bernie,87
2013-02-08,Lafayette (St. Joseph),54,Bishop LeBlond,31
2013-02-08,Versailles,61,Blair Oaks,77
2013-02-08,Crane,49,Blue Eye,43
2013-02-08,Blue Springs,65,Blue Springs South,74
2013-02-08,Webb City,45,Branson,50
2013-02-08,Hancock,64,Brentwood,77
2013-02-08,Northeast (Cairo),76,Brunswick,36
2013-02-08,Marquand-Zion,52,Bunker,74
2013-02-08,Liberty (Mountain View),77,Cabool,64
2013-02-08,Eldon,44,California,54
2013-02-08,Malta Bend,29,Calvary Lutheran,86
2013-02-08,Aurora,55,Carl Junction,79
2013-02-08,Lafayette County,67,Carrollton,31
2013-02-08,East Newton,40,Cassville,68
2013-02-08,Savannah,35,Center,84
2013-02-08,Jackson,53,Central (New Madrid County),51
2013-02-08,Ruskin,66,Central (St. Joseph),52
2013-02-08,Union,62,Chadwick,52
2013-02-08,Savannah,49,Chillicothe,42
2013-02-08,Palmyra,64,Clark County,56
2013-02-08,Billings,70,Clever,57
2013-02-08,Halfway,68,Climax Springs,61
2013-02-08,St. Pius X (Kansas City),65,Clinton,40
2013-02-08,Van-Far,40,Clopton,62
2013-02-08,South Pemiscot,42,Community,64
2013-02-08,Scott County Central,78,Concordia,56
2013-02-08,Barat Academy,33,Crossroads College Preparatory,69
2013-02-08,Marion C. Early,63,Dadeville,38
2013-02-08,SLUH,43,De Smet Jesuit,63
2013-02-08,Kennett,62,Dexter,51
2013-02-08,Liberal,44,Diamond,42
2013-02-08,Clearwater,55,Doniphan,46
2013-02-08,Southwest Early College,57,East (Kansas City),60
2013-02-08,Lathrop,49,East Buchanan,58
2013-02-08,Montgomery County,45,Elsberry,61
2013-02-08,Verona,59,Exeter,53
2013-02-08,Marionville,42,Fair Grove,61
2013-02-08,Macks Creek,64,Fair Play,80
2013-02-08,Ste. Genevieve,57,Farmington,72
2013-02-08,Sarcoxie,33,Fatima,73
2013-02-08,Oakville,57,Fox,45
2013-02-08,Troy Buchanan,60,Francis Howell Central,44
2013-02-08,Central (Park Hills),53,Fredericktown,42
2013-02-08,Ft. Zumwalt East,36,Ft. Zumwalt South,69
2013-02-08,Francis Howell North,77,Ft. Zumwalt West,75
2013-02-08,Spokane,45,Galena,32
2013-02-08,New Franklin,47,Glasgow,50
2013-02-08,Odessa,31,Grain Valley,35
2013-02-08,Raytown South,86,Grandview,76
2013-02-08,La Plata,52,Green City,38
2013-02-08,Sarcoxie,49,Greenfield,75
2013-02-08,Moberly,56,Hannibal,52
2013-02-08,Southern Boone,72,Harrisburg,59
2013-02-08,Hickman,57,Helias Catholic,36
2013-02-08,Crystal City,75,Herculaneum,53
2013-02-08,New Haven,32,Hermann,40
2013-02-08,Risco,54,Holcomb,60
2013-02-08,Knob Noster,46,Holden,56
2013-02-08,Marshfield,56,Hollister,51
2013-02-08,Thayer,54,Houston,45
2013-02-08,Wheatland,61,Humansville,59
2013-02-08,Northeast Vernon County,51,Hume,55
2013-02-08,Kickapoo,59,Joplin,35
2013-02-08,Liberty North,41,Kearney,36
2013-02-08,Wentworth Military Academy,53,Kingsville,54
2013-02-08,Mexico,65,Kirksville,38
2013-02-08,Seckman,48,Kirkwood,74
2013-02-08,Affton,58,Ladue Horton Watkins,80
2013-02-08,Rich Hill,60,Lakeland,65
2013-02-08,Hillcrest,85,Lebanon,43
2013-02-08,Lee's Summit,33,Lee's Summit North,58
2013-02-08,St. Charles,50,Lee's Summit West,62
2013-02-08,Raymore-Peculiar,39,Liberty,55
2013-02-08,Richland,65,Licking,79
2013-02-08,Westminster Christian Academy,64,Lutheran South,74
2013-02-08,Bradleyville,65,Lutie,61
2013-02-08,Mark Twain,64,Macon,67
2013-02-08,Lafayette (Wildwood),36,Marquette,40
2013-02-08,Boonville,50,Marshall,52
2013-02-08,Benton,28,Maryville,61
2013-02-08,King City,42,Maysville,45
2013-02-08,Purdy,73,McAuley Catholic,63
2013-02-08,Ritenour,53,McCluer,78
2013-02-08,Hazelwood West,51,McCluer North,79
2013-02-08,Jennings,71,McCluer South-Berkeley,48
2013-02-08,Carnahan,84,McKinley Classical Leadership,35
2013-02-08,Northwest (Cedar Hill),51,Mehlville,62
2013-02-08,Lutheran North,59,MICDS,64
2013-02-08,Penney,35,Mid-Buchanan,49
2013-02-08,Construction Careers Charter,39,Miller Career Academy,78
2013-02-08,Lamar,31,Mt. Vernon,62
2013-02-08,Ozark,90,Neosho,28
2013-02-08,McDonald County,29,Nevada,64
2013-02-08,Dora,73,New Covenant Academy,71
2013-02-08,Miller,68,New Heights Christian,36
2013-02-08,Dixon,74,Newburg,61
2013-02-08,Republic,41,Nixa,43
2013-02-08,Clayton,43,Normandy Collaborative,52
2013-02-08,Bowling Green,63,North Callaway,68
2013-02-08,Plattsburg,60,North Platte,58
2013-02-08,DeKalb,67,Northeast Nodaway,34
2013-02-08,Harrisonville,46,Oak Grove,54
2013-02-08,Belton,57,Oak Park,60
2013-02-08,Chaffee,50,Oak Ridge,59
2013-02-08,North Andrew,60,Osborn,43
2013-02-08,Marceline,60,Paris,26
2013-02-08,Glendale,54,Parkview,72
2013-02-08,Parkway West,37,Parkway Central,52
2013-02-08,Hogan Prep Academy Charter,66,Pembroke Hill,44
2013-02-08,Windsor (Imperial),54,Perryville,53
2013-02-08,Jasper,47,Pierce City,55
2013-02-08,Prairie Home,41,Pilot Grove,61
2013-02-08,Wright City,54,Plato,49
2013-02-08,Excelsior Springs,48,Pleasant Hill,70
2013-02-08,Wellsville-Middletown,65,Pleasant Hope,39
2013-02-08,Worth County,59,Polo,76
2013-02-08,Notre Dame (Cape Girardeau),51,Poplar Bluff,50
2013-02-08,John Burroughs,84,Principia,73
2013-02-08,Whitfield,50,Priory,53
2013-02-08,Trenton,63,Putnam County,55
2013-02-08,Forsyth,40,Reeds Spring,46
2013-02-08,Puxico,77,Richland (Essex),66
2013-02-08,Lexington,50,Richmond,64
2013-02-08,Hazelwood Central,63,Riverview Gardens,61
2013-02-08,Southeast,30,Rock Bridge,92
2013-02-08,North Nodaway,24,Rock Port,51
2013-02-08,Parkway North,55,Rockwood Summit,73
2013-02-08,Camdenton,69,Rolla,65
2013-02-08,Cleveland NJROTC,77,Roosevelt,61
2013-02-08,Fayette,46,Schuyler County,85
2013-02-08,Meadow Heights,34,Saxony Lutheran,53
2013-02-08,Canton,72,Schuyler County,34
2013-02-08,Central (Cape Girardeau),47,Sikeston,69
2013-02-08,Westran,56,Salem,40
2013-02-08,College Preparatory,65,Soldan International Studies,48
2013-02-08,Gallatin,65,St. Elizabeth,75
2013-02-08,Union Star,64,Stover,53
2013-02-08,Central (Kansas City),70,Southeast,39
2013-02-08,St. Charles West,57,St. Charles,59
2013-02-08,St. James,58,St. Clair,66
2013-02-08,Laquey,48,Van-Far,38
2013-02-08,Versailles,56,St. Mary's (Independence),47
2013-02-08,Sweet Springs,38,St. Paul Lutheran (Concordia),50
2013-02-08,Raytown,60,Staley,62
2013-02-08,Iberia,74,Westran,38
2013-02-08,South Shelby,40,Winona,66
2013-02-08,Pacific,42,Webb City,53
2013-02-08,Greenwood,50,Thomas Jefferson Independent Day,40
2013-02-08,Francis Howell,55,Timberland,57
2013-02-08,Webster Groves,55,University City,53
2013-02-08,Confluence Prep Academy Charter,64,Valley Park,47
2013-02-08,Gateway,62,Waynesville,57
2013-02-08,Lutheran St. Charles,72,Veritas Christian Academy,54
2013-02-08,Christian Brothers College,52,Vianney,42
2013-02-08,Warsaw,42,Vienna,66
2013-02-08,Weaubleau,43,Walnut Grove,67
2013-02-08,O'Hara,56,Warrensburg,45
2013-02-08,Winfield,68,Warrenton,48
2013-02-08,Osage,87,Warsaw,88
2013-02-08,Ft. Zumwalt North,58,Washington,56
2013-02-08,West Plains,51,Waynesville,59
2013-02-08,Carthage,43,Willard,62
2013-02-08,Salem,50,Willow Springs,45
2013-02-08,Platte County,37,Winnetonka,72
2013-02-08,Norwood,29,Winona,59
2013-02-08,Zalma,65,Woodland,78
2013-02-08,Orchard Farm,83,Wright City,51
2013-02-09,Novinger,57,Atlanta,65
2013-02-09,Trinity Catholic,49,Bishop DuBourg,53
2013-02-09,West County,63,Bismarck,64
2013-02-09,Gideon,58,Bloomfield,49
2013-02-09,Conway,46,Blue Eye,58
2013-02-09,South Callaway,65,Bronaugh,47
2013-02-09,Chilhowee,55,Calhoun,54
2013-02-09,Father Tolton,49,Calvary Lutheran,26
2013-02-09,Stanberry,71,Caruthersville,57
2013-02-09,Sacred Heart,45,Cole Camp,59
2013-02-09,Barstow,67,Crest Ridge,33
2013-02-09,California,56,Dixon,59
2013-02-09,Hallsville,71,Eldon,66
2013-02-09,Central (Park Hills),48,Farmington,61
2013-02-09,Ste. Genevieve,43,Fredericktown,56
2013-02-09,Tipton,69,Green Ridge,55
2013-02-09,Marshall,46,Hannibal,40
2013-02-09,Norborne,51,Hardin-Central,65
2013-02-09,College Preparatory,62,Hickman,64
2013-02-09,Carrollton,48,Holden,51
2013-02-09,Poplar Bluff,58,Jackson,71
2013-02-09,SLUH,51,Lafayette (Wildwood),44
2013-02-09,Southwest Early College,62,Lincoln College Prep,72
2013-02-09,Lutheran South,48,Lutheran North,66
2013-02-09,St. Dominic,48,Lutheran St. Charles,33
2013-02-09,North Shelby,54,Marion County,51
2013-02-09,Thayer,41,Meadville,57
2013-02-09,Lutheran (Kansas City),52,Midway,56
2013-02-09,Ballard,41,Montrose,49
2013-02-09,Valle Catholic,54,North County,47
2013-02-09,Windsor,34,Northwest (Hughesville),48
2013-02-09,Hazelwood Central,63,Riverview Gardens,61
2013-02-09,Jamestown,42,Van-Far,45
2013-02-09,Veritas Christian Academy,63,St. Francis Borgia,74
2013-02-09,Weaubleau,36,Walnut Grove,62
2013-02-11,Appleton City,58,Ballard,36
2013-02-11,Mexico,60,Boonville,45
2013-02-11,Richland,69,Bourbon,66
2013-02-11,Elsberry,54,Bowling Green,57
2013-02-11,Couch,62,Bunker,53
2013-02-11,Doniphan,35,Charleston,89
2013-02-11,Northwest (Hughesville),34,Chilhowee,44
2013-02-11,Lutheran (Kansas City),31,Drexel,90
2013-02-11,Lamar,62,El Dorado Springs,37
2013-02-11,Winona,79,Ellington,21
2013-02-11,Wright City,18,Eminence,74
2013-02-11,Verona,61,Galena,31
2013-02-11,Chaffee,75,Greenville,51
2013-02-11,Pattonville,68,Hazelwood West,52
2013-02-11,Prairie Home,43,Higbee,37
2013-02-11,Bronaugh,69,Humansville,84
2013-02-11,Westminster Christian Academy,47,John Burroughs,50
2013-02-11,Northwestern (Mendon),62,Keytesville,51
2013-02-11,Windsor,55,Leeton,61
2013-02-11,Richmond,73,Lexington,31
2013-02-11,St. Clair,77,Malden,60
2013-02-11,Kelly,78,Marquand-Zion,70
2013-02-11,Calvary Lutheran,58,Missouri School for the Deaf,53
2013-02-11,Community,57,Montgomery County,43
2013-02-11,North Nodaway,28,Mound City,45
2013-02-11,Greenwood,60,New Covenant Academy,54
2013-02-11,Worth County,53,North Harrison,63
2013-02-11,Eureka,81,Parkway North,69
2013-02-11,Barat Academy,37,Principia,53
2013-02-11,Orrick,52,Scott County Central,69
2013-02-11,Central (Springfield),65,Smithville,57
2013-02-11,Cooter,30,Summersville,100
2013-02-11,Webster Groves,54,St. Pius X (Festus),52
2013-02-11,Oak Ridge,61,Ste. Genevieve,57
2013-02-11,Thayer,44,Stewartsville,31
2013-02-11,Smithton,55,Willard,58
2013-02-11,Versailles,60,Tipton,71
2013-02-11,Whitfield,59,Tarkio,47
2013-02-11,Kingston,61,Valle Catholic,74
2013-02-11,Clearwater,66,Van Buren,56
2013-02-11,Dadeville,59,Weaubleau,65
2013-02-11,Schuyler County,66,Westran,30
2013-02-11,Wright City,42,Winfield,71
2013-02-12,Drexel,79,Adrian,24
2013-02-12,St. Elizabeth,63,Albany,59
2013-02-12,Miami (Amoret),28,Appleton City,62
2013-02-12,Central (Park Hills),79,Arcadia Valley,56
2013-02-12,Ash Grove,67,Aurora,68
2013-02-12,Crossroads College Preparatory,50,Bayless,35
2013-02-12,Raytown,44,Belton,48
2013-02-12,Green City,56,Bevier,63
2013-02-12,Galena,62,Billings,83
2013-02-12,Viburnum,44,Bismarck,77
2013-02-12,California,44,Blair Oaks,46
2013-02-12,Spokane,49,Blue Eye,58
2013-02-12,Lee's Summit,47,Blue Springs,66
2013-02-12,Buffalo,41,Bolivar,77
2013-02-12,Neosho,36,Branson,60
2013-02-12,Macon County with Bucklin,56,Brashear,23
2013-02-12,Worth County,89,Brunswick,41
2013-02-12,Otterville,60,Bunceton,50
2013-02-12,Mountain Grove,52,Cabool,69
2013-02-12,Windsor,57,Calhoun,65
2013-02-12,Marion County,50,Canton,58
2013-02-12,Knob Noster,48,Carrollton,33
2013-02-12,Clinton,40,Center,71
2013-02-12,Charleston,69,Central (Cape Girardeau),43
2013-02-12,Lincoln College Prep,77,Central (Kansas City),64
2013-02-12,Nevada,80,Central (Springfield),59
2013-02-12,St. Charles,57,Central (St. Joseph),51
2013-02-12,Lafayette (St. Joseph),69,Chillicothe,42
2013-02-12,North Pemiscot,76,Cooter,61
2013-02-12,Sweet Springs,68,Crest Ridge,55
2013-02-12,Windsor (Imperial),40,Crystal City,42
2013-02-12,Vienna,68,Cuba,88
2013-02-12,Wellsville-Middletown,22,Dadeville,32
2013-02-12,Kennett,67,Doniphan,52
2013-02-12,Bakersfield,23,Dora,62
2013-02-12,St. Dominic,24,Duchesne,47
2013-02-12,Harrisonville,55,Excelsior Springs,53
2013-02-12,Walnut Grove,37,Fair Play,60
2013-02-12,Van-Far,35,Fatima,75
2013-02-12,Bradleyville,30,Fordland,73
2013-02-12,Crane,73,Forsyth,51
2013-02-12,Troy Buchanan,62,Francis Howell,35
2013-02-12,Francis Howell North,53,Francis Howell Central,71
2013-02-12,West County,62,Fredericktown,49
2013-02-12,Ritenour,64,Ft. Zumwalt North,86
2013-02-12,Hartville,62,Gainesville,70
2013-02-12,Pleasant Hill,57,Grain Valley,51
2013-02-12,Winnetonka,62,Grandview,68
2013-02-12,Miller,40,Greenfield,58
2013-02-12,Tri-County,47,Grundy County,81
2013-02-12,Linn County,69,Hale,43
2013-02-12,Southern Boone,72,Hallsville,65
2013-02-12,Wentworth Military Academy,48,Hardin-Central,76
2013-02-12,Scott County Central,78,Harrisburg,76
2013-02-12,University City,50,Hazelwood West,48
2013-02-12,Father Tolton,30,Helias Catholic,63
2013-02-12,Pacific,57,Hermann,36
2013-02-12,Clark County,48,Highland,54
2013-02-12,West Plains,57,Hillcrest,72
2013-02-12,Summersville,51,Holcomb,69
2013-02-12,Reeds Spring,44,Hollister,59
2013-02-12,Liberty (Mountain View),53,Houston,40
2013-02-12,Christian Brothers College,74,Jackson,61
2013-02-12,Pilot Grove,64,Jamestown,48
2013-02-12,New Heights Christian,46,Jasper,66
2013-02-12,Priory,40,John Burroughs,55
2013-02-12,Glendale,57,Joplin,72
2013-02-12,Raytown South,72,Kearney,65
2013-02-12,Fulton,57,Kirksville,53
2013-02-12,Lutie,72,Koshkonong,37
2013-02-12,Pattonville,36,Lafayette (Wildwood),57
2013-02-12,Monett,45,Lamar,57
2013-02-12,Crocker,61,Laquey,58
2013-02-12,Lawson,65,Lathrop,45
2013-02-12,Hickman,87,Lebanon,37
2013-02-12,East Carter,53,Lesterville,47
2013-02-12,Holden,45,Lexington,48
2013-02-12,Lee's Summit North,55,Liberty,121
2013-02-12,Platte County,45,Liberty North,59
2013-02-12,Parkway West,46,Lindbergh,40
2013-02-12,Liberal,35,Lockwood,26
2013-02-12,Kingsville,26,Lutheran (Kansas City),79
2013-02-12,Halfway,48,Macks Creek,73
2013-02-12,Keytesville,40,Madison,46
2013-02-12,East Prairie,77,Malden,83
2013-02-12,Higbee,52,Malta Bend,20
2013-02-12,El Dorado Springs,34,Marion C. Early,64
2013-02-12,Metro,55,McCluer South-Berkeley,59
2013-02-12,Greenville,65,Meadow Heights,77
2013-02-12,Gilman City,43,Mercer,62
2013-02-12,Lutheran South,52,MICDS,44
2013-02-12,Boonville,37,Moberly,59
2013-02-12,Everton,63,New Covenant Academy,59
2013-02-12,Northeast (Cairo),57,New Franklin,33
2013-02-12,Richland,68,Newburg,72
2013-02-12,DeKalb,41,North Andrew,59
2013-02-12,Mound City,42,Northeast Nodaway,47
2013-02-12,Fort Osage,47,Oak Park,38
2013-02-12,Oak Grove,63,Odessa,39
2013-02-12,Savannah,47,O'Hara,59
2013-02-12,Advance,34,Oran,69
2013-02-12,Concordia,59,Orrick,42
2013-02-12,Eldon,55,Osage,35
2013-02-12,Nixa,68,Ozark,74
2013-02-12,Mark Twain,54,Palmyra,57
2013-02-12,Fayette,64,Paris,30
2013-02-12,Ruskin,64,Park Hill,43
2013-02-12,Lee's Summit West,51,Park Hill South,63
2013-02-12,Seckman,29,Parkway Central,55
2013-02-12,Northwest (Cedar Hill),38,Parkway South,71
2013-02-12,University Academy Charter,55,Pembroke Hill,68
2013-02-12,Golden City,41,Pierce City,55
2013-02-12,East Buchanan,56,Plattsburg,32
2013-02-12,King City,50,Polo,57
2013-02-12,Dexter,37,Poplar Bluff,68
2013-02-12,Bloomfield,54,Portageville,63
2013-02-12,La Monte,32,Prairie Home,61
2013-02-12,Lutheran North,73,Principia,66
2013-02-12,Knox County,49,Putnam County,66
2013-02-12,Blue Springs South,52,Raymore-Peculiar,33
2013-02-12,Osceola,77,Rich Hill,70
2013-02-12,Bernie,69,Richland (Essex),52
2013-02-12,Lafayette County,60,Richmond,32
2013-02-12,Kickapoo,85,Rolla,53
2013-02-12,New Bloomfield,52,Sarcoxie,84
2013-02-12,Green Ridge,63,Sacred Heart,78
2013-02-12,Salem,37,Schuyler County,75
2013-02-12,Diamond,58,Sarcoxie,37
2013-02-12,Benton,42,Savannah,51
2013-02-12,Milan,41,Schuyler County,67
2013-02-12,Seneca,56,Scott County Central,60
2013-02-12,Mt. Vernon,66,Seneca,62
2013-02-12,Pleasant Hope,30,Smithville,60
2013-02-12,Barstow,60,South Nodaway,45
2013-02-12,Clopton,55,South Pemiscot,47
2013-02-12,Vianney,66,SLUH,37
2013-02-12,St. Paul Lutheran (Concordia),69,Smithton,29
2013-02-12,Bishop LeBlond,30,Sparta,62
2013-02-12,St. Joseph Christian,71,St. James,32
2013-02-12,Winona,51,Stanberry,54
2013-02-12,Thomas Jefferson Independent Day,46,Tuscumbia,69
2013-02-12,Clever,63,Union,38
2013-02-12,Orchard Farm,49,St. Charles,59
2013-02-12,Warrenton,41,St. Charles West,70
2013-02-12,New Haven,43,St. Clair,53
2013-02-12,Warrensburg,19,St. Pius X (Kansas City),44
2013-02-12,Bourbon,36,Warsaw,43
2013-02-12,Stover,29,Stewartsville,50
2013-02-12,Conway,68,Westran,36
2013-02-12,Marionville,44,Winona,65
2013-02-12,Tarkio,43,Webb City,52
2013-02-12,Miller Career Academy,71,West Plains,32
2013-02-12,Ft. Zumwalt West,66,Timberland,77
2013-02-12,Cameron,81,Trenton,37
2013-02-12,Herculaneum,78,Trinity Catholic,69
2013-02-12,Wellsville-Middletown,37,Van-Far,44
2013-02-12,Ft. Zumwalt South,47,Washington,34
2013-02-12,Parkview,48,Waynesville,36
2013-02-12,Carthage,46,Webb City,79
2013-02-12,Oakville,57,Webster Groves,61
2013-02-12,Marceline,65,Westran,45
2013-02-12,Republic,42,Willard,61
2013-02-12,Vienna,71,Worth County,33
2013-02-12,North Callaway,57,Wright City,33
2013-02-12,Leopold,93,Zalma,57
2013-02-13,McCluer North,70,Chaminade College Prep,62
2013-02-13,Hazelwood Central,56,Eureka,53
2013-02-13,Parkway North,67,Francis Howell North,52
2013-02-13,John F. Kennedy,59,Herculaneum,45
2013-02-13,Van Buren,66,Lesterville,46
2013-02-13,Rockwood Summit,37,McCluer,52
2013-02-13,Mid-Buchanan,53,St. Elizabeth,65
2013-02-13,Kingston,70,Valley,46
2013-02-13,Duchesne,85,Westminster Christian Academy,58
2013-02-13,Orchard Farm,41,Whitfield,57
2013-02-14,Jennings,76,Affton,64
2013-02-14,Nodaway-Holt,41,Albany,63
2013-02-14,Gainesville,69,Alton,73
2013-02-14,Bevier,63,Atlanta,77
2013-02-14,Lamar,69,Aurora,30
2013-02-14,Grandview (Hillsboro),50,Bismarck,77
2013-02-14,Advance,76,Bloomfield,52
2013-02-14,Forsyth,63,Blue Eye,67
2013-02-14,St. Elizabeth,65,Braymer,74
2013-02-14,La Monte,57,Calhoun,65
2013-02-14,Carnahan,66,Cleveland NJROTC,26
2013-02-14,Bunker,52,Eminence,92
2013-02-14,Purdy,63,Exeter,47
2013-02-14,New Covenant Academy,79,Galena,57
2013-02-14,Roosevelt,41,Gateway,71
2013-02-14,Scott County Central,68,Green Ridge,73
2013-02-14,Greenwood,75,Hurley,59
2013-02-14,Lexington,31,Knob Noster,70
2013-02-14,Golden City,55,Liberal,63
2013-02-14,Fatima,64,Linn,44
2013-02-14,Crest Ridge,65,Lone Jack,71
2013-02-14,Dora,57,Lutie,48
2013-02-14,La Plata,37,Marceline,65
2013-02-14,Community,57,Marion County,43
2013-02-14,Polo,48,Maysville,34
2013-02-14,Thomas Jefferson Independent Day,41,McAuley Catholic,47
2013-02-14,Lakeland,52,Midway,48
2013-02-14,Richland (Essex),64,Naylor,67
2013-02-14,Madison,29,New Franklin,61
2013-02-14,Wellington-Napoleon,58,North Platte,43
2013-02-14,Lift for Life Academy Charter,56,North Technical,69
2013-02-14,Versailles,50,Oak Grove,54
2013-02-14,De Smet Jesuit,76,Oakville,48
2013-02-14,Barstow,59,Pembroke Hill,53
2013-02-14,Trenton,72,Penney,49
2013-02-14,Mercer,44,Ridgeway,34
2013-02-14,Zalma,56,Risco,95
2013-02-14,Willard,43,Sacred Heart,69
2013-02-14,Putnam County,75,Schuyler County,41
2013-02-14,Central (New Madrid County),77,Scott County Central,47
2013-02-14,North Pemiscot,66,Senath-Hornersville,83
2013-02-14,Northwest (Hughesville),45,Salem,35
2013-02-14,McKinley Classical Leadership,36,Soldan International Studies,69
2013-02-14,Warsaw,49,Southern Boone,70
2013-02-14,Verona,52,Tuscumbia,87
2013-02-14,New Bloomfield,56,Van-Far,59
2013-02-14,Archie,57,Wellsville-Middletown,52
2013-02-14,Ava,48,Thayer,44
2013-02-14,Calvary Lutheran,64,Tuscumbia,67
2013-02-14,Hayti,72,St. Clair,56
2013-02-14,Trinity Catholic,66,Veritas Christian Academy,73
2013-02-15,Rich Hill,62,Adrian,3
2013-02-15,Appleton City,24,Archie,37
2013-02-15,Bevier,61,Atlanta,75
2013-02-15,Hancock,36,Bayless,41
2013-02-15,Bishop LeBlond,50,Benton,37
2013-02-15,Liberty,61,Blue Springs South,74
2013-02-15,Summit Christian Academy,43,Butler,56
2013-02-15,Van-Far,42,Calvary Lutheran,34
2013-02-15,Hillcrest,65,Camdenton,29
2013-02-15,Mt. Vernon,59,Carl Junction,62
2013-02-15,Branson,64,Carthage,46
2013-02-15,Lutheran South,46,Central (Cape Girardeau),56
2013-02-15,Southwest Early College,58,Central (Kansas City),57
2013-02-15,Perryville,54,Central (Park Hills),66
2013-02-15,Vianney,47,Chaminade College Prep,58
2013-02-15,Poplar Bluff,61,Charleston,91
2013-02-15,Warrensburg,53,Clinton,45
2013-02-15,Bowling Green,47,Community,58
2013-02-15,Galena,36,Crane,80
2013-02-15,Macks Creek,48,Crocker,58
2013-02-15,Bourbon,50,Cuba,85
2013-02-15,Seneca,57,Dexter,37
2013-02-15,Greenfield,39,Diamond,58
2013-02-15,Nevada,70,El Dorado Springs,23
2013-02-15,Wright City,22,Elsberry,63
2013-02-15,Slater,58,Eugene,81
2013-02-15,Winona,59,Fair Grove,48
2013-02-15,Weaubleau,87,Fair Play,85
2013-02-15,Westran,51,Fayette,57
2013-02-15,Raytown,32,Fort Osage,59
2013-02-15,Francis Howell North,48,Francis Howell,63
2013-02-15,Ft. Zumwalt North,61,Ft. Zumwalt South,58
2013-02-15,Francis Howell Central,80,Ft. Zumwalt West,72
2013-02-15,Hannibal,49,Fulton,34
2013-02-15,Naylor,56,Gideon,54
2013-02-15,Keytesville,9,Glasgow,88
2013-02-15,Macon County with Bucklin,50,Green City,36
2013-02-15,Hazelwood West,45,Hazelwood Central,71
2013-02-15,Otterville,55,Higbee,24
2013-02-15,Cabool,68,Houston,54
2013-02-15,Halfway,55,Humansville,64
2013-02-15,Lockwood,50,Jasper,54
2013-02-15,Miller Career Academy,55,Jefferson City,53
2013-02-15,MICDS,42,John Burroughs,49
2013-02-15,Waynesville,48,Kickapoo,56
2013-02-15,Chilhowee,64,Kingsville,28
2013-02-15,Sparta,48,Lafayette (St. Joseph),66
2013-02-15,Fox,51,Lafayette (Wildwood),64
2013-02-15,Holden,51,Lafayette County,61
2013-02-15,Newburg,80,Laquey,83
2013-02-15,University Academy Charter,46,Lawson,50
2013-02-15,Parkview,61,Lebanon,26
2013-02-15,Raymore-Peculiar,44,Lee's Summit,51
2013-02-15,Blue Springs,37,Lee's Summit North,35
2013-02-15,Park Hill,68,Lee's Summit West,76
2013-02-15,Raytown South,58,Liberty North,66
2013-02-15,Wright City,16,Licking,69
2013-02-15,Oakville,54,Lindbergh,50
2013-02-15,Bolivar,45,Logan-Rogersville,50
2013-02-15,Leeton,44,Lutheran (Kansas City),53
2013-02-15,Priory,41,Lutheran North,52
2013-02-15,John F. Kennedy,53,Lutheran St. Charles,73
2013-02-15,Louisiana,64,Macon,74
2013-02-15,Ash Grove,55,Marionville,42
2013-02-15,Kirksville,57,Marshall,49
2013-02-15,Savannah,56,Maryville,58
2013-02-15,Hazelwood East,63,McCluer North,58
2013-02-15,Normandy Collaborative,86,McCluer South-Berkeley,50
2013-02-15,St. Vincent,76,Meadow Heights,51
2013-02-15,Marquette,53,Mehlville,23
2013-02-15,Midway,55,Miami (Amoret),40
2013-02-15,Pierce City,39,Miller,34
2013-02-15,Mexico,52,Moberly,47
2013-02-15,Willow Springs,54,Mountain Grove,47
2013-02-15,Greenville,36,Neelyville,73
2013-02-15,Willard,64,Neosho,34
2013-02-15,Owensville,22,New Haven,45
2013-02-15,Webb City,53,Nixa,76
2013-02-15,St. James,23,Nodaway-Holt,69
2013-02-15,Van-Far,47,North Callaway,58
2013-02-15,Staley,61,North Kansas City,64
2013-02-15,Worth County,40,Northeast (Cairo),51
2013-02-15,East (Kansas City),71,Northeast (Kansas City),74
2013-02-15,Eureka,63,Northwest (Cedar Hill),41
2013-02-15,Excelsior Springs,48,Oak Grove,62
2013-02-15,Center,82,O'Hara,58
2013-02-15,Blair Oaks,72,Osage,35
2013-02-15,Northeast Nodaway,50,Osborn,58
2013-02-15,St. Clair,39,Pacific,52
2013-02-15,Monroe City,63,Palmyra,69
2013-02-15,Central (St. Joseph),61,Park Hill South,64
2013-02-15,University City,71,Parkway Central,69
2013-02-15,Webster Groves,54,Parkway North,47
2013-02-15,Kirkwood,54,Parkway West,42
2013-02-15,McCluer,47,Pattonville,50
2013-02-15,Iberia,61,Plato,49
2013-02-15,Grandview,79,Platte County,45
2013-02-15,Odessa,56,Pleasant Hill,44
2013-02-15,South Shelby,80,Pleasant Hope,50
2013-02-15,Marshfield,44,Reeds Spring,35
2013-02-15,Ozark,61,Republic,68
2013-02-15,Dixon,94,Richland,75
2013-02-15,Gilman City,46,Ridgeway,81
2013-02-15,Riverview Gardens,58,Ritenour,68
2013-02-15,Rockhurst,47,Rock Bridge,79
2013-02-15,St. Charles,52,Ruskin,48
2013-02-15,Liberty (Mountain View),75,Salem,59
2013-02-15,Paris,27,Schuyler County,71
2013-02-15,Knox County,56,Senath-Hornersville,41
2013-02-15,Rockwood Summit,54,Seckman,43
2013-02-15,Cassville,41,Seneca,47
2013-02-15,Bernie,48,Sikeston,65
2013-02-15,Christian Brothers College,48,SLUH,56
2013-02-15,St. Pius X (Kansas City),67,Savannah,58
2013-02-15,North Andrew,54,Stover,39
2013-02-15,Frontier School of Excellence Charter,27,Southeast,64
2013-02-15,Union,54,Spokane,52
2013-02-15,Warrenton,50,St. Charles,75
2013-02-15,Webb City,72,St. James,61
2013-02-15,East Buchanan,63,St. Joseph Christian,47
2013-02-15,South Nodaway,41,St. Mary's (Independence),47
2013-02-15,Gallatin,48,Vienna,51
2013-02-15,California,57,Tipton,56
2013-02-15,Timberland,42,Troy Buchanan,75
2013-02-15,Hermann,51,Tarkio,47
2013-02-15,Tri-County,36,Union Star,66
2013-02-15,Madison,73,Veritas Christian Academy,56
2013-02-15,College Preparatory,73,Veritas Christian Academy,56
2013-02-15,Eldon,67,Versailles,73
2013-02-15,Marion C. Early,64,Walnut Grove,51
2013-02-15,Joplin,62,West Plains,55
2013-02-15,Principia,68,Westminster Christian Academy,77
2013-02-15,Kearney,65,Winnetonka,64
2013-02-16,Leopold,96,The Fulton School,16
2013-02-16,Richland (Essex),80,Delta,41
2013-02-16,Oak Ridge,69,McKinley Classical Leadership,40
2013-02-16,Scott County Central,101,Bell City,73
2013-02-16,Wright City,57,Bunker,59
2013-02-16,Stanberry,97,Marquand-Zion,28
2013-02-16,Lesterville,45,Zalma,44
2013-02-16,Hurley,71,Chadwick,39
2013-02-16,Exeter,57,Lutie,44
2013-02-16,Verona,73,Bradleyville,38
2013-02-16,Niangua,60,Thomas Jefferson Independent Day,47
2013-02-16,Campbell,66,Cooter,53
2013-02-16,Winona,59,Couch,37
2013-02-16,Van Buren,71,Neelyville,60
2013-02-16,Thayer,74,Greenville,47
2013-02-16,Puxico,52,East Carter,69
2013-02-16,Oran,75,Valley,34
2013-02-16,Chaffee,75,Meadow Heights,46
2013-02-16,Advance,91,Ellington,20
2013-02-16,Bismarck,86,Viburnum,40
2013-02-16,Sacred Heart,62,La Monte,30
2013-02-16,Green Ridge,93,Concordia,96
2013-02-16,Scott County Central,71,Crest Ridge,50
2013-02-16,Sweet Springs,66,Windsor,49
2013-02-16,Charleston,95,East Prairie,38
2013-02-16,St. Clair,69,Caruthersville,70
2013-02-16,Central (New Madrid County),65,Kelly,27
2013-02-16,Doniphan,56,Malden,49
2013-02-16,Clearwater,73,Woodland,48
2013-02-16,Seneca,69,Arcadia Valley,62
2013-02-16,West County,85,Jefferson (Festus),60
2013-02-16,St. Pius X (Festus),59,Saxony Lutheran,54
2013-02-16,North Technical,63,West Plains,22
2013-02-16,Lutheran North,62,Orchard Farm,33
2013-02-16,Cardinal Ritter,97,Metro,64
2013-02-16,Missouri Military Academy,18,Van-Far,75
2013-02-18,Risco,93,Koshkonong,39
2013-02-18,North Pemiscot,65,Delta (Deering),48
2013-02-18,Clarkton,89,Sweet Springs,47
2013-02-18,Naylor,53,Gideon,50
2013-02-18,Macks Creek,72,Tuscumbia,53
2013-02-18,Van-Far,35,Hermitage,38
2013-02-18,Wheatland,66,Climax Springs,60
2013-02-18,Weaubleau,48,Humansville,65
2013-02-18,Drexel,114,Northeast Vernon County,25
2013-02-18,Bronaugh,85,Hume,47
2013-02-18,Marion County,66,Brashear,23
2013-02-18,La Plata,56,Macon County with Bucklin,50
2013-02-18,North Shelby,77,Madison,38
2013-02-18,Atlanta,58,Bevier,60
2013-02-18,Linn County,63,Gilman City,53
2013-02-18,Newtown-Harris,67,Novinger,37
2013-02-18,North Andrew,54,Osborn,29
2013-02-18,King City,43,Union Star,36
2013-02-18,Mercer,74,Cainsville,31
2013-02-18,Ridgeway,61,Worth County,54
2013-02-18,Vienna,49,Northeast Nodaway,42
2013-02-18,Mound City,53,St. James,16
2013-02-18,Rock Port,60,North Nodaway,25
2013-02-18,Hayti,63,Campbell,33
2013-02-18,Portageville,54,Summersville,56
2013-02-18,Bernie,73,Senath-Hornersville,53
2013-02-18,Holcomb,48,Bloomfield,35
2013-02-18,Winona,77,Van Buren,44
2013-02-18,Thayer,67,East Carter,45
2013-02-18,Crossroads College Preparatory,70,Barat Academy,39
2013-02-18,New Haven,42,Crystal City,60
2013-02-18,St. Vincent,55,Kingston,40
2013-02-18,Elsberry,53,Valle Catholic,35
2013-02-18,Putnam County,95,Milan,52
2013-02-18,Marceline,50,Westran,39
2013-02-18,Iberia,70,Laquey,30
2013-02-18,Newburg,41,Crocker,29
2013-02-18,Richland,69,Westran,47
2013-02-18,Vienna,47,Plato,36
2013-02-18,Billings,89,Galena,45
2013-02-18,New Covenant Academy,38,Spokane,53
2013-02-18,Crane,61,Marion C. Early,46
2013-02-18,Greenwood,31,Marionville,47
2013-02-18,College Preparatory,76,Construction Careers Charter,22
2013-02-18,Hancock,51,Cleveland NJROTC,57
2013-02-18,Carnahan,93,Grandview (Hillsboro),12
2013-02-18,Lift for Life Academy Charter,66,Herculaneum,35
2013-02-18,Maplewood-Richmond Hts.,83,Valley Park,20
2013-02-18,Principia,48,Lutheran St. Charles,73
2013-02-18,John Burroughs,62,John F. Kennedy,38
2013-02-18,Brentwood,54,Whitfield,52
2013-02-18,Palmyra,77,Brookfield,45
2013-02-18,Mark Twain,37,Clark County,68
2013-02-18,Highland,57,Monroe City,42
2013-02-18,Macon,63,Bowling Green,60
2013-02-18,Liberty (Mountain View),70,Mountain Grove,38
2013-02-18,Cabool,50,Licking,58
2013-02-18,University Academy Charter,74,Central (Kansas City),70
2013-02-18,Hogan Prep Academy Charter,96,Cristo Rey,43
2013-02-18,Barstow,83,Southeast,53
2013-02-19,Risco,96,North Pemiscot,44
2013-02-19,Clarkton,47,Naylor,63
2013-02-19,Leopold,87,Richland (Essex),47
2013-02-19,Oak Ridge,55,Scott County Central,76
2013-02-19,Eminence,83,Bunker,55
2013-02-19,Stanberry,82,Lesterville,29
2013-02-19,Hurley,73,Exeter,56
2013-02-19,Verona,53,Niangua,45
2013-02-19,Fair Play,72,Halfway,39
2013-02-19,Walnut Grove,50,South Callaway,44
2013-02-19,Everton,68,Lockwood,49
2013-02-19,Dadeville,58,Golden City,49
2013-02-19,Montrose,39,Ballard,54
2013-02-19,Appleton City,55,Miami (Amoret),47
2013-02-19,Pilot Grove,78,Kingsville,55
2013-02-19,Chilhowee,55,Northwest (Hughesville),52
2013-02-19,Leeton,53,Bunceton,37
2013-02-19,Otterville,67,Calhoun,52
2013-02-19,Glasgow,78,Missouri School for the Deaf,25
2013-02-19,Prairie Home,53,Jamestown,26
2013-02-19,Community,48,Calvary Lutheran,29
2013-02-19,Chamois,54,Higbee,24
2013-02-19,Meadville,82,Tri-County,31
2013-02-19,Green City,65,Grundy County,73
2013-02-19,Brunswick,49,Hale,60
2013-02-19,Norborne,64,Malta Bend,29
2013-02-19,Northwestern (Mendon),58,Keytesville,55
2013-02-19,Thayer,47,Polo,52
2013-02-19,Braymer,61,Orrick,47
2013-02-19,Hardin-Central,56,Wentworth Military Academy,38
2013-02-19,Oran,68,Chaffee,60
2013-02-19,Advance,76,Bismarck,53
2013-02-19,Canton,64,Wellsville-Middletown,36
2013-02-19,Clopton,57,South Pemiscot,59
2013-02-19,South Shelby,66,Paris,35
2013-02-19,Louisiana,68,Van-Far,62
2013-02-19,Northeast (Cairo),75,Schuyler County,31
2013-02-19,Knox County,60,Senath-Hornersville,33
2013-02-19,Harrisburg,76,Father Tolton,64
2013-02-19,Worth County,90,Salem,36
2013-02-19,New Franklin,61,Fayette,72
2013-02-19,Cole Camp,76,Smithton,58
2013-02-19,Sarcoxie,75,Belle,61
2013-02-19,Tipton,59,New Bloomfield,24
2013-02-19,Linn,51,Willard,40
2013-02-19,Mansfield,60,Bakersfield,47
2013-02-19,Dora,66,Norwood,40
2013-02-19,Gainesville,60,Smithville,31
2013-02-19,Fordland,50,Union,38
2013-02-19,Purdy,82,New Heights Christian,45
2013-02-19,Jasper,57,Miller,67
2013-02-19,Pierce City,48,Wheaton,46
2013-02-19,Greenfield,74,McAuley Catholic,58
2013-02-19,South Shelby,50,Lincoln,20
2013-02-19,Lakeland,63,Rich Hill,56
2013-02-19,Liberal,69,Adrian,49
2013-02-19,Osceola,69,Archie,33
2013-02-19,Sacred Heart,79,Concordia,46
2013-02-19,Scott County Central,77,Sweet Springs,74
2013-02-19,West Platte,80,Frontier School of Excellence Charter,35
2013-02-19,St. Mary's (Independence),69,Lutheran (Kansas City),50
2013-02-19,Mid-Buchanan,54,Midway,46
2013-02-19,North Platte,52,Lone Jack,42
2013-02-19,Albany,56,Maysville,37
2013-02-19,St. Elizabeth,72,Princeton,44
2013-02-19,East Buchanan,43,St. Joseph Christian,48
2013-02-19,Charleston,104,Caruthersville,60
2013-02-19,Central (New Madrid County),66,Doniphan,30
2013-02-19,Clearwater,68,Seneca,45
2013-02-19,West County,46,St. Pius X (Festus),53
2013-02-19,Winfield,1,Missouri Military Academy,0
2013-02-19,Veritas Christian Academy,81,Slater,44
2013-02-19,Montgomery County,58,Wright City,41
2013-02-19,North Callaway,57,Hermann,51
2013-02-19,Blair Oaks,61,Centralia,42
2013-02-19,Hallsville,55,Boonville,49
2013-02-19,Southern Boone,54,Versailles,51
2013-02-19,Eugene,84,California,80
2013-02-19,Dixon,75,Osage,59
2013-02-19,St. James,74,Warsaw,27
2013-02-19,Cuba,87,Bourbon,38
2013-02-19,Hartville,73,Willow Springs,56
2013-02-19,Alton,72,Houston,53
2013-02-19,Winona,69,Forsyth,55
2013-02-19,Ava,34,Blue Eye,48
2013-02-19,Hollister,51,Springfield Catholic,61
2013-02-19,Fair Grove,82,Conway,71
2013-02-19,Mt. Vernon,59,East Newton,37
2013-02-19,Diamond,69,Ash Grove,71
2013-02-19,Clever,65,Sarcoxie,35
2013-02-19,Seneca,67,Tuscumbia,62
2013-02-19,Butler,81,Pleasant Hope,21
2013-02-19,South Nodaway,45,Holden,51
2013-02-19,Warsaw,61,El Dorado Springs,34
2013-02-19,Lamar,72,Wellsville-Middletown,33
2013-02-19,Lafayette County,66,Lexington,32
2013-02-19,St. Paul Lutheran (Concordia),62,O'Hara,50
2013-02-19,Richmond,52,Carrollton,34
2013-02-19,Knob Noster,57,Summit Christian Academy,55
2013-02-19,Cameron,73,Penney,40
2013-02-19,Lawson,79,Trenton,66
2013-02-19,Maryville,75,Plattsburg,26
2013-02-19,Bishop LeBlond,48,Lathrop,36
2013-02-19,McDonald County,35,Aurora,53
2013-02-19,Lee's Summit,56,Blue Springs South,68
2013-02-19,Lebanon,59,Camdenton,72
2013-02-19,Joplin,65,Carl Junction,57
2013-02-19,Ozark,73,Carthage,50
2013-02-19,Warrensburg,34,Center,72
2013-02-19,Lee's Summit West,64,Central (St. Joseph),57
2013-02-19,MICDS,59,Chaminade College Prep,67
2013-02-19,Troy Buchanan,63,De Smet Jesuit,74
2013-02-19,Lincoln College Prep,53,East (Kansas City),54
2013-02-19,Vianney,52,Eureka,47
2013-02-19,North Kansas City,52,Fort Osage,69
2013-02-19,McCluer North,53,Ft. Zumwalt North,62
2013-02-19,Timberland,43,Ft. Zumwalt South,71
2013-02-19,Moberly,53,Fulton,36
2013-02-19,Oak Grove,65,Grain Valley,33
2013-02-19,Lafayette (St. Joseph),52,Harrisonville,25
2013-02-19,Jennings,65,Hazelwood East,62
2013-02-19,Platte County,43,Kearney,72
2013-02-19,Hillcrest,62,Kickapoo,58
2013-02-19,Raymore-Peculiar,46,Lee's Summit North,41
2013-02-19,Blue Springs,45,Liberty,55
2013-02-19,Grandview,56,Liberty North,52
2013-02-19,Webster Groves,56,Marquette,52
2013-02-19,Branson,69,Marshfield,41
2013-02-19,Hazelwood West,48,McCluer,72
2013-02-19,Hannibal,31,Mexico,55
2013-02-19,Webb City,64,Neosho,32
2013-02-19,Willard,59,Nixa,63
2013-02-19,Dexter,35,Notre Dame (Cape Girardeau),76
2013-02-19,DeSoto,35,Pacific,47
2013-02-19,Central (Springfield),68,Parkview,93
2013-02-19,Kennett,90,Poplar Bluff,80
2013-02-19,Lutheran South,53,Priory,51
2013-02-19,Oak Park,52,Raytown,53
2013-02-19,Bolivar,60,Reeds Spring,51
2013-02-19,Parkway North,63,Ritenour,55
2013-02-19,Gateway,56,Rock Bridge,90
2013-02-19,Jefferson City,59,Rockhurst,71
2013-02-19,Kirkwood,66,Rockwood Summit,58
2013-02-19,Nevada,69,Savannah,49
2013-02-19,Northeast (Kansas City),72,Southwest Early College,49
2013-02-19,Duchesne,52,St. Charles West,53
2013-02-19,Windsor (Imperial),35,St. Dominic,61
2013-02-19,Benton,48,Staley,54
2013-02-19,Park Hill,63,St. Charles,59
2013-02-19,North County,51,Tarkio,65
2013-02-19,Odessa,42,Versailles,44
2013-02-20,Eminence,58,Stanberry,53
2013-02-20,Macks Creek,41,Hermitage,39
2013-02-20,Wheatland,51,Humansville,62
2013-02-20,Drexel,92,Ballard,19
2013-02-20,Bronaugh,69,Appleton City,72
2013-02-20,Pilot Grove,67,Chilhowee,27
2013-02-20,Leeton,47,Otterville,66
2013-02-20,Marion County,43,La Plata,41
2013-02-20,North Shelby,50,Bevier,47
2013-02-20,Norborne,45,Northwestern (Mendon),60
2013-02-20,Wellington-Napoleon,61,Polo,59
2013-02-20,Braymer,42,Hardin-Central,45
2013-02-20,North Andrew,57,King City,31
2013-02-20,Ridgeway,33,Vienna,42
2013-02-20,Mound City,51,Stover,48
2013-02-20,Rock Port,45,Nodaway-Holt,44
2013-02-20,Hayti,51,Summersville,60
2013-02-20,Bernie,70,Holcomb,49
2013-02-20,Crossroads College Preparatory,74,Crystal City,60
2013-02-20,St. Vincent,42,Elsberry,44
2013-02-20,Iberia,73,Newburg,49
2013-02-20,Richland,69,Vienna,73
2013-02-20,Billings,63,Spokane,57
2013-02-20,Crane,33,Marionville,32
2013-02-20,West Platte,62,St. Mary's (Independence),57
2013-02-20,Mid-Buchanan,50,North Platte,46
2013-02-20,Clearwater,68,St. Pius X (Festus),65
2013-02-20,College Preparatory,87,Cleveland NJROTC,26
2013-02-20,Carnahan,77,Lift for Life Academy Charter,51
2013-02-20,Maplewood-Richmond Hts.,71,Lutheran St. Charles,42
2013-02-20,John Burroughs,74,Brentwood,56
2013-02-20,North Technical,54,Lutheran North,74
2013-02-20,Palmyra,57,Clark County,64
2013-02-20,Highland,69,Macon,54
2013-02-20,St. Pius X (Kansas City),62,University Academy Charter,47
2013-02-20,Hogan Prep Academy Charter,75,Barstow,68
2013-02-20,Affton,63,Clayton,65
2013-02-20,Confluence Prep Academy Charter,45,Festus,68
2013-02-20,Soldan International Studies,50,Hazelwood East,60
2013-02-20,McCluer,48,Lafayette (Wildwood),59
2013-02-20,Lincoln College Prep,53,Southwest Early College,60
2013-02-20,Pattonville,72,Webb City,47
2013-02-20,Oakville,38,Washington,62
2013-02-20,Republic,51,Waynesville,37
2013-02-21,Charleston,68,Central (New Madrid County),62
2013-02-21,Winona,74,Blue Eye,50
2013-02-21,Fair Grove,72,Springfield Catholic,60
2013-02-21,Ft. Zumwalt North,71,Holt,63
2013-02-21,Lindbergh,25,Lutheran South,56
2013-02-21,Carl Junction,57,McDonald County,40
2013-02-21,Seckman,60,Northwest (Cedar Hill),44
2013-02-22,Risco,67,Naylor,53
2013-02-22,Leopold,58,Scott County Central,64
2013-02-22,Hurley,55,Verona,52
2013-02-22,Fair Play,64,Walnut Grove,46
2013-02-22,Everton,74,Dadeville,57
2013-02-22,Pilot Grove,51,Otterville,46
2013-02-22,Glasgow,66,Prairie Home,35
2013-02-22,Community,54,Chamois,46
2013-02-22,Marion County,55,North Shelby,49
2013-02-22,Meadville,70,Grundy County,41
2013-02-22,Linn County,62,Newtown-Harris,52
2013-02-22,Northwestern (Mendon),53,Hale,63
2013-02-22,Mercer,48,Vienna,50
2013-02-22,Bernie,48,Summersville,45
2013-02-22,Winona,69,Thayer,43
2013-02-22,Canton,79,South Pemiscot,49
2013-02-22,South Shelby,65,Louisiana,58
2013-02-22,Northeast (Cairo),71,Knox County,46
2013-02-22,Putnam County,79,Marceline,64
2013-02-22,Schuyler County,88,Harrisburg,60
2013-02-22,Worth County,51,Fayette,52
2013-02-22,Cole Camp,66,Sarcoxie,69
2013-02-22,Tipton,51,Linn,45
2013-02-22,Mansfield,47,Dora,68
2013-02-22,Gainesville,50,Fordland,49
2013-02-22,Billings,68,Crane,72
2013-02-22,Purdy,54,Miller,58
2013-02-22,Pierce City,56,Greenfield,44
2013-02-22,South Shelby,65,Lakeland,55
2013-02-22,Liberal,55,Osceola,66
2013-02-22,Gallatin,55,Albany,57
2013-02-22,St. Elizabeth,65,St. Joseph Christian,40
2013-02-22,Maplewood-Richmond Hts.,55,John Burroughs,41
2013-02-22,Cardinal Ritter,58,Lutheran North,69
2013-02-22,Winfield,53,Veritas Christian Academy,55
2013-02-22,Montgomery County,59,North Callaway,67
2013-02-22,Fatima,85,Dixon,66
2013-02-22,St. James,104,Cuba,103
2013-02-22,Liberty (Mountain View),61,Licking,62
2013-02-22,Hartville,67,Alton,65
2013-02-22,Mt. Vernon,69,Ash Grove,40
2013-02-22,Clever,43,Seneca,54
2013-02-22,Lafayette County,68,St. Paul Lutheran (Concordia),63
2013-02-22,Richmond,43,Knob Noster,54
2013-02-22,Cameron,52,Lawson,39
2013-02-22,Maryville,49,Bishop LeBlond,43
2013-02-22,Reeds Spring,57,Cassville,43
2013-02-22,Dexter,35,Central (Cape Girardeau),61
2013-02-22,De Smet Jesuit,74,Christian Brothers College,61
2013-02-22,Marquette,63,Fox,37
2013-02-22,Timberland,73,Ft. Zumwalt East,57
2013-02-22,Parkway Central,60,Ft. Zumwalt West,49
2013-02-22,Rock Bridge,71,Helias Catholic,51
2013-02-22,Parkway South,67,Kirkwood,75
2013-02-22,Lee's Summit,49,Liberty,63
2013-02-22,Southwest Early College,60,Lincoln College Prep,53
2013-02-22,Nixa,70,Logan-Rogersville,37
2013-02-22,Belton,62,North Kansas City,59
2013-02-22,Excelsior Springs,45,Odessa,55
2013-02-22,Bolivar,49,Ozark,71
2013-02-22,Harrisonville,46,Pleasant Hill,68
2013-02-22,Westminster Christian Academy,73,Priory,42
2013-02-22,Blue Springs,60,Raymore-Peculiar,51
2013-02-22,Branson,48,Republic,59
2013-02-22,Webster Groves,50,Seckman,38
2013-02-22,Ft. Zumwalt South,48,St. Charles West,40
2013-02-22,Waynesville,50,Vianney,74
2013-02-22,Savannah,60,Warrensburg,54
2013-02-22,Central (Springfield),56,West Plains,72
2013-02-23,Fair Play,76,Everton,56
2013-02-23,Macks Creek,67,Humansville,55
2013-02-23,Drexel,91,Appleton City,34
2013-02-23,Glasgow,52,Community,51
2013-02-23,Meadville,62,Linn County,36
2013-02-23,Wellington-Napoleon,60,Hardin-Central,35
2013-02-23,DeKalb,56,North Andrew,57
2013-02-23,Mound City,41,Rock Port,43
2013-02-23,Oran,81,Advance,74
2013-02-23,Crossroads College Preparatory,58,Elsberry,75
2013-02-23,Canton,63,South Shelby,48
2013-02-23,Northeast (Cairo),67,Putnam County,49
2013-02-23,Schuyler County,82,Fayette,34
2013-02-23,Tipton,53,Sarcoxie,54
2013-02-23,Iberia,53,Vienna,28
2013-02-23,Gainesville,46,Dora,63
2013-02-23,Pierce City,61,Miller,52
2013-02-23,South Shelby,72,Osceola,61
2013-02-23,Sacred Heart,71,Scott County Central,65
2013-02-23,West Platte,59,Mid-Buchanan,31
2013-02-23,St. Elizabeth,52,Albany,64
2013-02-23,College Preparatory,72,Carnahan,51
2013-02-23,North Callaway,48,Veritas Christian Academy,82
2013-02-23,Highland,70,Clark County,67
2013-02-23,Blair Oaks,52,Hallsville,54
2013-02-23,Southern Boone,92,Eugene,86
2013-02-23,Fatima,65,St. James,37
2013-02-23,Hartville,53,Licking,50
2013-02-23,Winona,65,Fair Grove,56
2013-02-23,Mt. Vernon,47,Seneca,51
2013-02-23,Butler,63,Holden,43
2013-02-23,Warsaw,64,Lamar,82
2013-02-23,Lafayette County,54,Knob Noster,37
2013-02-23,St. Pius X (Kansas City),68,Hogan Prep Academy Charter,57
2013-02-23,Cameron,40,Maryville,63
2013-02-23,Kennett,73,Dexter,36
2013-02-23,Notre Dame (Cape Girardeau),82,Perryville,44
2013-02-23,SLUH,56,Ritenour,50
2013-02-23,Northwest (Cedar Hill),41,Lebanon,52
2013-02-23,Central (Springfield),55,Neosho,51
2013-02-23,Oakville,53,Marquette,67
2013-02-23,Excelsior Springs,45,Odessa,55
2013-02-23,Oak Park,53,Sparta,66
2013-02-24,Southern Boone,80,Hallsville,78
2013-02-24,Butler,52,Lamar,46
2013-02-25,Ste. Genevieve,65,North County,57
2013-02-25,Fredericktown,41,Potosi,56
2013-02-25,Bishop DuBourg,59,Roosevelt,42
2013-02-25,Waynesville,58,McCluer South-Berkeley,71
2013-02-25,Jennings,67,Confluence Prep Academy Charter,41
2013-02-25,MICDS,57,University City,43
2013-02-25,Westminster Christian Academy,73,Priory,42
2013-02-25,St. Charles West,66,Warrenton,40
2013-02-25,St. Dominic,44,Hannibal,38
2013-02-25,Moberly,63,Fulton,28
2013-02-25,St. Clair,66,Tarkio,53
2013-02-25,Webb City,34,Owensville,25
2013-02-25,Salem,59,Eldon,47
2013-02-25,Marshfield,77,Buffalo,47
2013-02-25,Aurora,50,Reeds Spring,56
2013-02-25,West Plains,66,Cassville,46
2013-02-25,Grain Valley,49,Pembroke Hill,42
2013-02-25,Benton,50,Chillicothe,53
2013-02-25,Savannah,44,Platte County,34
2013-02-25,Seckman,54,Fox,47
2013-02-25,Lafayette (Wildwood),56,Parkway South,55
2013-02-25,Parkway Central,62,Parkway North,46
2013-02-25,Pattonville,39,Parkway West,48
2013-02-25,Lindbergh,36,Mehlville,32
2013-02-25,Holt,53,Francis Howell,43
2013-02-25,Ft. Zumwalt East,47,Francis Howell North,49
2013-02-25,Hazelwood West,66,Hazelwood East,74
2013-02-25,Camdenton,46,Savannah,43
2013-02-25,Ozark,88,Glendale,67
2013-02-25,Ruskin,61,Belton,58
2013-02-25,Lee's Summit,57,Raytown,44
2013-02-25,Winnetonka,66,Kearney,47
2013-02-25,St. Charles,47,William Chrisman,49
2013-02-26,Scott County Central,83,Risco,77
2013-02-26,Hurley,40,Eminence,78
2013-02-26,Sikeston,84,Kennett,71
2013-02-26,Central (Cape Girardeau),61,Notre Dame (Cape Girardeau),55
2013-02-26,Affton,72,DeSoto,75
2013-02-26,Festus,53,Windsor (Imperial),42
2013-02-26,Gateway,60,Bishop DuBourg,46
2013-02-26,Webster Groves,47,Bayless,44
2013-02-26,Soldan International Studies,46,Jennings,58
2013-02-26,Normandy Collaborative,62,MICDS,51
2013-02-26,Clayton,71,Westminster Christian Academy,68
2013-02-26,Duchesne,59,St. Charles West,46
2013-02-26,St. Charles,60,St. Dominic,49
2013-02-26,Jackson,66,Seckman,53
2013-02-26,Oakville,75,Poplar Bluff,61
2013-02-26,Ladue Horton Watkins,67,SLUH,51
2013-02-26,Chaminade College Prep,81,Riverview Gardens,56
2013-02-26,Rockwood Summit,61,Lafayette (Wildwood),70
2013-02-26,Eureka,63,Marquette,53
2013-02-26,Christian Brothers College,70,Parkway Central,50
2013-02-26,De Smet Jesuit,69,Parkway West,39
2013-02-26,Vianney,65,Lindbergh,34
2013-02-26,Webster Groves,44,Kirkwood,47
2013-02-26,Troy Buchanan,53,Holt,42
2013-02-26,Timberland,80,Ft. Zumwalt West,67
2013-02-26,Ft. Zumwalt North,83,Francis Howell North,75
2013-02-26,Ft. Zumwalt South,63,Francis Howell Central,56
2013-02-26,Hazelwood Central,68,Hazelwood East,74
2013-02-26,McCluer,44,McCluer North,45
2013-02-26,Washington,58,Lebanon,42
2013-02-26,Rolla,45,Waynesville,56
2013-02-26,Parkview,73,Central (Springfield),39
2013-02-26,Willard,73,Joplin,47
2013-02-27,Macks Creek,53,Fair Play,66
2013-02-27,North Andrew,45,Wellington-Napoleon,67
2013-02-27,Rock Port,34,Vienna,42
2013-02-27,Winona,65,Bernie,62
2013-02-27,Elsberry,52,Oran,64
2013-02-27,Northeast (Cairo),70,Canton,81
2013-02-27,Sarcoxie,47,Schuyler County,77
2013-02-27,Dora,58,Iberia,80
2013-02-27,Pierce City,37,Crane,35
2013-02-27,Clearwater,63,Charleston,85
2013-02-27,Maplewood-Richmond Hts.,49,College Preparatory,66
2013-02-27,Veritas Christian Academy,59,Lutheran North,79
2013-02-27,Southern Boone,87,Highland,73
2013-02-27,Hartville,46,Fatima,62
2013-02-27,Seneca,50,Winona,70
2013-02-27,Lafayette County,54,Butler,48
2013-02-27,Maryville,64,St. Pius X (Kansas City),70
2013-02-28,Pilot Grove,48,Drexel,67
2013-02-28,Marion County,50,Glasgow,48
2013-02-28,Hale,34,Meadville,76
2013-02-28,Sacred Heart,80,South Shelby,59
2013-02-28,Albany,55,West Platte,67
2013-02-28,Sikeston,77,Central (Cape Girardeau),61
2013-02-28,Farmington,72,Ste. Genevieve,56
2013-02-28,Central (Park Hills),78,Potosi,49
2013-02-28,Hillsboro,57,DeSoto,55
2013-02-28,Lutheran South,78,Festus,81
2013-02-28,Gateway,82,Webster Groves,64
2013-02-28,Miller Career Academy,67,McCluer South-Berkeley,26
2013-02-28,Normandy Collaborative,63,Clayton,58
2013-02-28,Kirksville,53,Marshall,44
2013-02-28,St. Francis Borgia,44,St. Clair,35
2013-02-28,Pacific,28,Webb City,39
2013-02-28,Hillcrest,82,Salem,40
2013-02-28,Bolivar,44,Marshfield,42
2013-02-28,Republic,49,Reeds Spring,21
2013-02-28,Logan-Rogersville,77,West Plains,67
2013-02-28,Carthage,67,Monett,37
2013-02-28,Carl Junction,51,McDonald County,44
2013-02-28,Warrensburg,38,Odessa,46
2013-02-28,Harrisonville,58,Clinton,44
2013-02-28,Grandview,64,Southwest Early College,51
2013-02-28,Lincoln College Prep,64,Excelsior Springs,57
2013-02-28,East (Kansas City),59,Versailles,46
2013-02-28,Lafayette (St. Joseph),73,Chillicothe,40
2013-02-28,Sparta,52,Savannah,35
2013-02-28,Washington,39,Waynesville,36
2013-02-28,Nixa,61,Ozark,56
2013-02-28,Branson,66,Kickapoo,68
2013-02-28,Parkview,51,Willard,60
2013-02-28,Rockhurst,69,Ruskin,46
2013-02-28,Lee's Summit West,63,Raymore-Peculiar,43
2013-02-28,Blue Springs South,73,Lee's Summit,59
2013-02-28,Lee's Summit North,67,Blue Springs,78
2013-02-28,Liberty,51,Winnetonka,37
2013-02-28,Fort Osage,67,William Chrisman,44
2013-02-28,North Kansas City,42,Park Hill,56
2013-02-28,Oak Park,53,Staley,49
2013-03-01,Farmington,65,Central (Park Hills),70
2013-03-01,Miller Career Academy,77,Jennings,65
2013-03-01,Duchesne,73,St. Charles,59
2013-03-01,Mexico,66,Kirksville,26
2013-03-01,Helias Catholic,64,Moberly,47
2013-03-01,Nevada,66,Carthage,79
2013-03-01,Webb City,57,Carl Junction,61
2013-03-01,Pleasant Hill,64,Odessa,44
2013-03-01,Oak Grove,47,Harrisonville,49
2013-03-01,Liberty North,53,Lincoln College Prep,44
2013-03-01,Northeast (Kansas City),61,East (Kansas City),71
2013-03-01,Jackson,58,Oakville,52
2013-03-01,Ladue Horton Watkins,55,Chaminade College Prep,64
2013-03-01,Eureka,56,Lafayette (Wildwood),38
2013-03-01,Christian Brothers College,57,De Smet Jesuit,64
2013-03-01,Vianney,49,Kirkwood,42
2013-03-01,Troy Buchanan,53,Timberland,40
2013-03-01,Ft. Zumwalt North,78,Ft. Zumwalt South,60
2013-03-01,Hickman,69,Camdenton,37
2013-03-01,Rock Bridge,73,Jefferson City,59
2013-03-01,Rockhurst,60,Lee's Summit West,42
2013-03-01,Blue Springs South,73,Blue Springs,63
2013-03-01,Liberty,45,Fort Osage,47
2013-03-01,Park Hill South,52,Park Hill,41
2013-03-01,Central (St. Joseph),61,Oak Park,55
2013-03-02,Eminence,65,Scott County Central,55
2013-03-02,Drexel,84,Fair Play,67
2013-03-02,Meadville,42,Marion County,35
2013-03-02,Vienna,53,Wellington-Napoleon,51
2013-03-02,Oran,63,Winona,61
2013-03-02,Schuyler County,68,Canton,34
2013-03-02,Pierce City,47,Iberia,52
2013-03-02,West Platte,76,Sacred Heart,66
2013-03-02,College Preparatory,63,Charleston,54
2013-03-02,Southern Boone,47,Lutheran North,57
2013-03-02,Winona,45,Fatima,65
2013-03-02,St. Pius X (Kansas City),62,Lafayette County,52
2013-03-02,Hillsboro,50,Festus,56
2013-03-02,Mexico,45,Helias Catholic,40
2013-03-02,St. Francis Borgia,50,Webb City,38
2013-03-02,Hillcrest,67,Bolivar,47
2013-03-02,Republic,61,Logan-Rogersville,41
2013-03-02,Carl Junction,65,Carthage,60
2013-03-02,Pleasant Hill,74,Harrisonville,70
2013-03-02,Center,70,Grain Valley,47
2013-03-02,Raytown South,67,Grandview,80
2013-03-02,Liberty North,64,East (Kansas City),45
2013-03-02,Lafayette (St. Joseph),67,Sparta,53
2013-03-02,McCluer North,62,Hazelwood East,51
2013-03-02,Hickman,66,Rock Bridge,62
2013-03-02,Nixa,75,Kickapoo,89
2013-03-02,Park Hill South,57,Central (St. Joseph),62
2013-03-04,Center,65,Grandview,68
2013-03-06,Central (Park Hills),50,Sikeston,84
2013-03-06,Gateway,64,Festus,45
2013-03-06,Normandy Collaborative,39,Miller Career Academy,36
2013-03-06,Mexico,56,Duchesne,52
2013-03-06,Hillcrest,45,St. Francis Borgia,47
2013-03-06,Carl Junction,42,Republic,62
2013-03-06,Grandview,77,Pleasant Hill,75
2013-03-06,Lafayette (St. Joseph),43,Liberty North,49
2013-03-06,Chaminade College Prep,59,Jackson,60
2013-03-06,De Smet Jesuit,59,Eureka,38
2013-03-06,Troy Buchanan,37,Vianney,44
2013-03-06,McCluer North,71,Ft. Zumwalt North,66
2013-03-06,Washington,49,Hickman,53
2013-03-06,Willard,30,Kickapoo,31
2013-03-06,Blue Springs South,67,Rockhurst,72
2013-03-06,Central (St. Joseph),34,Fort Osage,53
2013-03-07,Drexel,64,Eminence,65
2013-03-07,Vienna,51,Meadville,47
2013-03-07,Schuyler County,81,Oran,65
2013-03-07,West Platte,57,Iberia,48
2013-03-07,Lutheran North,43,College Preparatory,69
2013-03-07,St. Pius X (Kansas City),58,Fatima,46
2013-03-08,Meadville,50,Drexel,75
2013-03-08,Iberia,65,Oran,63
2013-03-08,Fatima,47,Lutheran North,74
2013-03-09,Vienna,60,Eminence,62
2013-03-09,West Platte,46,Schuyler County,70
2013-03-09,St. Pius X (Kansas City),52,College Preparatory,67
2013-03-09,Gateway,52,Sikeston,62
2013-03-09,Mexico,52,Normandy Collaborative,60
2013-03-09,Republic,46,St. Francis Borgia,33
2013-03-09,Liberty North,69,Grandview,57
2013-03-09,De Smet Jesuit,81,Jackson,48
2013-03-09,McCluer North,44,Vianney,49
2013-03-09,Kickapoo,68,Hickman,73
2013-03-09,Fort Osage,55,Rockhurst,81
2013-03-14,Normandy Collaborative,74,Sikeston,72
2013-03-14,Liberty North,38,Republic,39
2013-03-15,Liberty North,54,Sikeston,55
2013-03-15,Vianney,55,De Smet Jesuit,58
2013-03-15,Rockhurst,67,Hickman,59
2013-03-16,Republic,54,Normandy Collaborative,51
2013-03-16,Rockhurst,73,De Smet Jesuit,59
2013-03-16,Hickman,65,Vianney,53
